combination,generation,Cmax,percentage
hard_simple_roulette,0,1207,-0.05970149253731343
hard_simple_roulette,1,1207,-0.05970149253731343
hard_simple_roulette,2,1207,-0.05970149253731343
hard_simple_roulette,3,1207,-0.05970149253731343
hard_simple_roulette,4,1207,-0.05970149253731343
hard_simple_roulette,5,1207,-0.05970149253731343
hard_simple_roulette,6,1207,-0.05970149253731343
hard_simple_roulette,7,1207,-0.05970149253731343
hard_simple_roulette,8,1207,-0.05970149253731343
hard_simple_roulette,9,1207,-0.05970149253731343
hard_simple_roulette,10,1207,-0.05970149253731343
hard_simple_roulette,11,1207,-0.05970149253731343
hard_simple_roulette,12,1207,-0.05970149253731343
hard_simple_roulette,13,1207,-0.05970149253731343
hard_simple_roulette,14,1207,-0.05970149253731343
hard_simple_roulette,15,1207,-0.05970149253731343
hard_simple_roulette,16,1207,-0.05970149253731343
hard_simple_roulette,17,1207,-0.05970149253731343
hard_simple_roulette,18,1207,-0.05970149253731343
hard_simple_roulette,19,1207,-0.05970149253731343
hard_simple_roulette,20,1207,-0.05970149253731343
hard_simple_roulette,21,1207,-0.05970149253731343
hard_simple_roulette,22,1207,-0.05970149253731343
hard_simple_roulette,23,1207,-0.05970149253731343
hard_simple_roulette,24,1207,-0.05970149253731343
hard_simple_roulette,25,1207,-0.05970149253731343
hard_simple_roulette,26,1207,-0.05970149253731343
hard_simple_roulette,27,1207,-0.05970149253731343
hard_simple_roulette,28,1207,-0.05970149253731343
hard_simple_roulette,29,1207,-0.05970149253731343
hard_simple_roulette,30,1207,-0.05970149253731343
hard_simple_roulette,31,1207,-0.05970149253731343
hard_simple_roulette,32,1207,-0.05970149253731343
hard_simple_roulette,33,1207,-0.05970149253731343
hard_simple_roulette,34,1207,-0.05970149253731343
hard_simple_roulette,35,1207,-0.05970149253731343
hard_simple_roulette,36,1207,-0.05970149253731343
hard_simple_roulette,37,1207,-0.05970149253731343
hard_simple_roulette,38,1207,-0.05970149253731343
hard_simple_roulette,39,1207,-0.05970149253731343
hard_simple_roulette,40,1207,-0.05970149253731343
hard_simple_roulette,41,1207,-0.05970149253731343
hard_simple_roulette,42,1207,-0.05970149253731343
hard_simple_roulette,43,1207,-0.05970149253731343
hard_simple_roulette,44,1207,-0.05970149253731343
hard_simple_roulette,45,1207,-0.05970149253731343
hard_simple_roulette,46,1207,-0.05970149253731343
hard_simple_roulette,47,1207,-0.05970149253731343
hard_simple_roulette,48,1207,-0.05970149253731343
hard_simple_roulette,49,1207,-0.05970149253731343
hard_simple_roulette,50,1207,-0.05970149253731343
hard_simple_roulette,51,1207,-0.05970149253731343
hard_simple_roulette,52,1207,-0.05970149253731343
hard_simple_roulette,53,1207,-0.05970149253731343
hard_simple_roulette,54,1204,-0.05706760316066725
hard_simple_roulette,55,1204,-0.05706760316066725
hard_simple_roulette,56,1204,-0.05706760316066725
hard_simple_roulette,57,1204,-0.05706760316066725
hard_simple_roulette,58,1204,-0.05706760316066725
hard_simple_roulette,59,1204,-0.05706760316066725
hard_simple_roulette,60,1204,-0.05706760316066725
hard_simple_roulette,61,1204,-0.05706760316066725
hard_simple_roulette,62,1204,-0.05706760316066725
hard_simple_roulette,63,1204,-0.05706760316066725
hard_simple_roulette,64,1204,-0.05706760316066725
hard_simple_roulette,65,1204,-0.05706760316066725
hard_simple_roulette,66,1204,-0.05706760316066725
hard_simple_roulette,67,1204,-0.05706760316066725
hard_simple_roulette,68,1204,-0.05706760316066725
hard_simple_roulette,69,1204,-0.05706760316066725
hard_simple_roulette,70,1204,-0.05706760316066725
hard_simple_roulette,71,1204,-0.05706760316066725
hard_simple_roulette,72,1196,-0.05004389815627744
hard_simple_roulette,73,1196,-0.05004389815627744
hard_simple_roulette,74,1196,-0.05004389815627744
hard_simple_roulette,75,1196,-0.05004389815627744
hard_simple_roulette,76,1196,-0.05004389815627744
hard_simple_roulette,77,1196,-0.05004389815627744
hard_simple_roulette,78,1196,-0.05004389815627744
hard_simple_roulette,79,1196,-0.05004389815627744
hard_simple_roulette,80,1196,-0.05004389815627744
hard_simple_roulette,81,1196,-0.05004389815627744
hard_simple_roulette,82,1196,-0.05004389815627744
hard_simple_roulette,83,1196,-0.05004389815627744
hard_simple_roulette,84,1196,-0.05004389815627744
hard_simple_roulette,85,1196,-0.05004389815627744
hard_simple_roulette,86,1196,-0.05004389815627744
hard_simple_roulette,87,1196,-0.05004389815627744
hard_simple_roulette,88,1196,-0.05004389815627744
hard_simple_roulette,89,1196,-0.05004389815627744
hard_simple_roulette,90,1196,-0.05004389815627744
hard_simple_roulette,91,1196,-0.05004389815627744
hard_simple_roulette,92,1196,-0.05004389815627744
hard_simple_roulette,93,1196,-0.05004389815627744
hard_simple_roulette,94,1196,-0.05004389815627744
hard_simple_roulette,95,1196,-0.05004389815627744
hard_simple_roulette,96,1196,-0.05004389815627744
hard_simple_roulette,97,1196,-0.05004389815627744
hard_simple_roulette,98,1196,-0.05004389815627744
hard_simple_roulette,99,1196,-0.05004389815627744
hard_simple_tournament,0,1252,-0.09920983318700614
hard_simple_tournament,1,1249,-0.09657594381035997
hard_simple_tournament,2,1208,-0.06057945566286216
hard_simple_tournament,3,1195,-0.04916593503072871
hard_simple_tournament,4,1195,-0.04916593503072871
hard_simple_tournament,5,1188,-0.04302019315188762
hard_simple_tournament,6,1188,-0.04302019315188762
hard_simple_tournament,7,1188,-0.04302019315188762
hard_simple_tournament,8,1188,-0.04302019315188762
hard_simple_tournament,9,1188,-0.04302019315188762
hard_simple_tournament,10,1188,-0.04302019315188762
hard_simple_tournament,11,1188,-0.04302019315188762
hard_simple_tournament,12,1188,-0.04302019315188762
hard_simple_tournament,13,1188,-0.04302019315188762
hard_simple_tournament,14,1188,-0.04302019315188762
hard_simple_tournament,15,1188,-0.04302019315188762
hard_simple_tournament,16,1188,-0.04302019315188762
hard_simple_tournament,17,1188,-0.04302019315188762
hard_simple_tournament,18,1188,-0.04302019315188762
hard_simple_tournament,19,1188,-0.04302019315188762
hard_simple_tournament,20,1188,-0.04302019315188762
hard_simple_tournament,21,1188,-0.04302019315188762
hard_simple_tournament,22,1188,-0.04302019315188762
hard_simple_tournament,23,1188,-0.04302019315188762
hard_simple_tournament,24,1188,-0.04302019315188762
hard_simple_tournament,25,1188,-0.04302019315188762
hard_simple_tournament,26,1188,-0.04302019315188762
hard_simple_tournament,27,1188,-0.04302019315188762
hard_simple_tournament,28,1188,-0.04302019315188762
hard_simple_tournament,29,1188,-0.04302019315188762
hard_simple_tournament,30,1188,-0.04302019315188762
hard_simple_tournament,31,1188,-0.04302019315188762
hard_simple_tournament,32,1188,-0.04302019315188762
hard_simple_tournament,33,1188,-0.04302019315188762
hard_simple_tournament,34,1188,-0.04302019315188762
hard_simple_tournament,35,1188,-0.04302019315188762
hard_simple_tournament,36,1188,-0.04302019315188762
hard_simple_tournament,37,1188,-0.04302019315188762
hard_simple_tournament,38,1188,-0.04302019315188762
hard_simple_tournament,39,1188,-0.04302019315188762
hard_simple_tournament,40,1188,-0.04302019315188762
hard_simple_tournament,41,1188,-0.04302019315188762
hard_simple_tournament,42,1188,-0.04302019315188762
hard_simple_tournament,43,1188,-0.04302019315188762
hard_simple_tournament,44,1188,-0.04302019315188762
hard_simple_tournament,45,1188,-0.04302019315188762
hard_simple_tournament,46,1188,-0.04302019315188762
hard_simple_tournament,47,1188,-0.04302019315188762
hard_simple_tournament,48,1188,-0.04302019315188762
hard_simple_tournament,49,1188,-0.04302019315188762
hard_simple_tournament,50,1188,-0.04302019315188762
hard_simple_tournament,51,1188,-0.04302019315188762
hard_simple_tournament,52,1188,-0.04302019315188762
hard_simple_tournament,53,1188,-0.04302019315188762
hard_simple_tournament,54,1188,-0.04302019315188762
hard_simple_tournament,55,1188,-0.04302019315188762
hard_simple_tournament,56,1188,-0.04302019315188762
hard_simple_tournament,57,1188,-0.04302019315188762
hard_simple_tournament,58,1188,-0.04302019315188762
hard_simple_tournament,59,1188,-0.04302019315188762
hard_simple_tournament,60,1188,-0.04302019315188762
hard_simple_tournament,61,1188,-0.04302019315188762
hard_simple_tournament,62,1188,-0.04302019315188762
hard_simple_tournament,63,1188,-0.04302019315188762
hard_simple_tournament,64,1188,-0.04302019315188762
hard_simple_tournament,65,1188,-0.04302019315188762
hard_simple_tournament,66,1188,-0.04302019315188762
hard_simple_tournament,67,1188,-0.04302019315188762
hard_simple_tournament,68,1188,-0.04302019315188762
hard_simple_tournament,69,1188,-0.04302019315188762
hard_simple_tournament,70,1188,-0.04302019315188762
hard_simple_tournament,71,1188,-0.04302019315188762
hard_simple_tournament,72,1188,-0.04302019315188762
hard_simple_tournament,73,1188,-0.04302019315188762
hard_simple_tournament,74,1188,-0.04302019315188762
hard_simple_tournament,75,1188,-0.04302019315188762
hard_simple_tournament,76,1188,-0.04302019315188762
hard_simple_tournament,77,1188,-0.04302019315188762
hard_simple_tournament,78,1188,-0.04302019315188762
hard_simple_tournament,79,1188,-0.04302019315188762
hard_simple_tournament,80,1188,-0.04302019315188762
hard_simple_tournament,81,1188,-0.04302019315188762
hard_simple_tournament,82,1188,-0.04302019315188762
hard_simple_tournament,83,1188,-0.04302019315188762
hard_simple_tournament,84,1188,-0.04302019315188762
hard_simple_tournament,85,1188,-0.04302019315188762
hard_simple_tournament,86,1188,-0.04302019315188762
hard_simple_tournament,87,1188,-0.04302019315188762
hard_simple_tournament,88,1188,-0.04302019315188762
hard_simple_tournament,89,1188,-0.04302019315188762
hard_simple_tournament,90,1188,-0.04302019315188762
hard_simple_tournament,91,1188,-0.04302019315188762
hard_simple_tournament,92,1188,-0.04302019315188762
hard_simple_tournament,93,1188,-0.04302019315188762
hard_simple_tournament,94,1188,-0.04302019315188762
hard_simple_tournament,95,1188,-0.04302019315188762
hard_simple_tournament,96,1188,-0.04302019315188762
hard_simple_tournament,97,1188,-0.04302019315188762
hard_simple_tournament,98,1188,-0.04302019315188762
hard_simple_tournament,99,1188,-0.04302019315188762
hard_section_roulette,0,1202,-0.0553116769095698
hard_section_roulette,1,1202,-0.0553116769095698
hard_section_roulette,2,1196,-0.05004389815627744
hard_section_roulette,3,1196,-0.05004389815627744
hard_section_roulette,4,1196,-0.05004389815627744
hard_section_roulette,5,1196,-0.05004389815627744
hard_section_roulette,6,1196,-0.05004389815627744
hard_section_roulette,7,1196,-0.05004389815627744
hard_section_roulette,8,1196,-0.05004389815627744
hard_section_roulette,9,1196,-0.05004389815627744
hard_section_roulette,10,1196,-0.05004389815627744
hard_section_roulette,11,1196,-0.05004389815627744
hard_section_roulette,12,1196,-0.05004389815627744
hard_section_roulette,13,1196,-0.05004389815627744
hard_section_roulette,14,1175,-0.03160667251975417
hard_section_roulette,15,1175,-0.03160667251975417
hard_section_roulette,16,1175,-0.03160667251975417
hard_section_roulette,17,1175,-0.03160667251975417
hard_section_roulette,18,1175,-0.03160667251975417
hard_section_roulette,19,1175,-0.03160667251975417
hard_section_roulette,20,1175,-0.03160667251975417
hard_section_roulette,21,1175,-0.03160667251975417
hard_section_roulette,22,1175,-0.03160667251975417
hard_section_roulette,23,1175,-0.03160667251975417
hard_section_roulette,24,1175,-0.03160667251975417
hard_section_roulette,25,1175,-0.03160667251975417
hard_section_roulette,26,1175,-0.03160667251975417
hard_section_roulette,27,1175,-0.03160667251975417
hard_section_roulette,28,1175,-0.03160667251975417
hard_section_roulette,29,1175,-0.03160667251975417
hard_section_roulette,30,1175,-0.03160667251975417
hard_section_roulette,31,1175,-0.03160667251975417
hard_section_roulette,32,1175,-0.03160667251975417
hard_section_roulette,33,1175,-0.03160667251975417
hard_section_roulette,34,1175,-0.03160667251975417
hard_section_roulette,35,1175,-0.03160667251975417
hard_section_roulette,36,1175,-0.03160667251975417
hard_section_roulette,37,1175,-0.03160667251975417
hard_section_roulette,38,1175,-0.03160667251975417
hard_section_roulette,39,1175,-0.03160667251975417
hard_section_roulette,40,1175,-0.03160667251975417
hard_section_roulette,41,1175,-0.03160667251975417
hard_section_roulette,42,1175,-0.03160667251975417
hard_section_roulette,43,1175,-0.03160667251975417
hard_section_roulette,44,1175,-0.03160667251975417
hard_section_roulette,45,1175,-0.03160667251975417
hard_section_roulette,46,1175,-0.03160667251975417
hard_section_roulette,47,1175,-0.03160667251975417
hard_section_roulette,48,1175,-0.03160667251975417
hard_section_roulette,49,1175,-0.03160667251975417
hard_section_roulette,50,1175,-0.03160667251975417
hard_section_roulette,51,1175,-0.03160667251975417
hard_section_roulette,52,1175,-0.03160667251975417
hard_section_roulette,53,1175,-0.03160667251975417
hard_section_roulette,54,1175,-0.03160667251975417
hard_section_roulette,55,1175,-0.03160667251975417
hard_section_roulette,56,1175,-0.03160667251975417
hard_section_roulette,57,1175,-0.03160667251975417
hard_section_roulette,58,1175,-0.03160667251975417
hard_section_roulette,59,1175,-0.03160667251975417
hard_section_roulette,60,1175,-0.03160667251975417
hard_section_roulette,61,1175,-0.03160667251975417
hard_section_roulette,62,1175,-0.03160667251975417
hard_section_roulette,63,1175,-0.03160667251975417
hard_section_roulette,64,1175,-0.03160667251975417
hard_section_roulette,65,1175,-0.03160667251975417
hard_section_roulette,66,1175,-0.03160667251975417
hard_section_roulette,67,1175,-0.03160667251975417
hard_section_roulette,68,1175,-0.03160667251975417
hard_section_roulette,69,1175,-0.03160667251975417
hard_section_roulette,70,1175,-0.03160667251975417
hard_section_roulette,71,1175,-0.03160667251975417
hard_section_roulette,72,1175,-0.03160667251975417
hard_section_roulette,73,1175,-0.03160667251975417
hard_section_roulette,74,1175,-0.03160667251975417
hard_section_roulette,75,1175,-0.03160667251975417
hard_section_roulette,76,1175,-0.03160667251975417
hard_section_roulette,77,1175,-0.03160667251975417
hard_section_roulette,78,1175,-0.03160667251975417
hard_section_roulette,79,1175,-0.03160667251975417
hard_section_roulette,80,1175,-0.03160667251975417
hard_section_roulette,81,1175,-0.03160667251975417
hard_section_roulette,82,1175,-0.03160667251975417
hard_section_roulette,83,1175,-0.03160667251975417
hard_section_roulette,84,1175,-0.03160667251975417
hard_section_roulette,85,1175,-0.03160667251975417
hard_section_roulette,86,1175,-0.03160667251975417
hard_section_roulette,87,1175,-0.03160667251975417
hard_section_roulette,88,1175,-0.03160667251975417
hard_section_roulette,89,1175,-0.03160667251975417
hard_section_roulette,90,1175,-0.03160667251975417
hard_section_roulette,91,1175,-0.03160667251975417
hard_section_roulette,92,1175,-0.03160667251975417
hard_section_roulette,93,1175,-0.03160667251975417
hard_section_roulette,94,1175,-0.03160667251975417
hard_section_roulette,95,1175,-0.03160667251975417
hard_section_roulette,96,1175,-0.03160667251975417
hard_section_roulette,97,1175,-0.03160667251975417
hard_section_roulette,98,1175,-0.03160667251975417
hard_section_roulette,99,1175,-0.03160667251975417
hard_section_tournament,0,1259,-0.10535557506584724
hard_section_tournament,1,1185,-0.04038630377524144
hard_section_tournament,2,1185,-0.04038630377524144
hard_section_tournament,3,1185,-0.04038630377524144
hard_section_tournament,4,1185,-0.04038630377524144
hard_section_tournament,5,1185,-0.04038630377524144
hard_section_tournament,6,1185,-0.04038630377524144
hard_section_tournament,7,1185,-0.04038630377524144
hard_section_tournament,8,1185,-0.04038630377524144
hard_section_tournament,9,1177,-0.033362598770851626
hard_section_tournament,10,1177,-0.033362598770851626
hard_section_tournament,11,1177,-0.033362598770851626
hard_section_tournament,12,1177,-0.033362598770851626
hard_section_tournament,13,1177,-0.033362598770851626
hard_section_tournament,14,1177,-0.033362598770851626
hard_section_tournament,15,1177,-0.033362598770851626
hard_section_tournament,16,1177,-0.033362598770851626
hard_section_tournament,17,1177,-0.033362598770851626
hard_section_tournament,18,1177,-0.033362598770851626
hard_section_tournament,19,1177,-0.033362598770851626
hard_section_tournament,20,1177,-0.033362598770851626
hard_section_tournament,21,1177,-0.033362598770851626
hard_section_tournament,22,1177,-0.033362598770851626
hard_section_tournament,23,1177,-0.033362598770851626
hard_section_tournament,24,1177,-0.033362598770851626
hard_section_tournament,25,1177,-0.033362598770851626
hard_section_tournament,26,1177,-0.033362598770851626
hard_section_tournament,27,1177,-0.033362598770851626
hard_section_tournament,28,1177,-0.033362598770851626
hard_section_tournament,29,1177,-0.033362598770851626
hard_section_tournament,30,1177,-0.033362598770851626
hard_section_tournament,31,1177,-0.033362598770851626
hard_section_tournament,32,1177,-0.033362598770851626
hard_section_tournament,33,1177,-0.033362598770851626
hard_section_tournament,34,1177,-0.033362598770851626
hard_section_tournament,35,1177,-0.033362598770851626
hard_section_tournament,36,1177,-0.033362598770851626
hard_section_tournament,37,1177,-0.033362598770851626
hard_section_tournament,38,1177,-0.033362598770851626
hard_section_tournament,39,1177,-0.033362598770851626
hard_section_tournament,40,1177,-0.033362598770851626
hard_section_tournament,41,1177,-0.033362598770851626
hard_section_tournament,42,1177,-0.033362598770851626
hard_section_tournament,43,1177,-0.033362598770851626
hard_section_tournament,44,1177,-0.033362598770851626
hard_section_tournament,45,1177,-0.033362598770851626
hard_section_tournament,46,1177,-0.033362598770851626
hard_section_tournament,47,1177,-0.033362598770851626
hard_section_tournament,48,1177,-0.033362598770851626
hard_section_tournament,49,1177,-0.033362598770851626
hard_section_tournament,50,1177,-0.033362598770851626
hard_section_tournament,51,1177,-0.033362598770851626
hard_section_tournament,52,1177,-0.033362598770851626
hard_section_tournament,53,1177,-0.033362598770851626
hard_section_tournament,54,1177,-0.033362598770851626
hard_section_tournament,55,1177,-0.033362598770851626
hard_section_tournament,56,1177,-0.033362598770851626
hard_section_tournament,57,1177,-0.033362598770851626
hard_section_tournament,58,1177,-0.033362598770851626
hard_section_tournament,59,1177,-0.033362598770851626
hard_section_tournament,60,1177,-0.033362598770851626
hard_section_tournament,61,1177,-0.033362598770851626
hard_section_tournament,62,1177,-0.033362598770851626
hard_section_tournament,63,1177,-0.033362598770851626
hard_section_tournament,64,1177,-0.033362598770851626
hard_section_tournament,65,1177,-0.033362598770851626
hard_section_tournament,66,1177,-0.033362598770851626
hard_section_tournament,67,1177,-0.033362598770851626
hard_section_tournament,68,1177,-0.033362598770851626
hard_section_tournament,69,1177,-0.033362598770851626
hard_section_tournament,70,1177,-0.033362598770851626
hard_section_tournament,71,1177,-0.033362598770851626
hard_section_tournament,72,1177,-0.033362598770851626
hard_section_tournament,73,1177,-0.033362598770851626
hard_section_tournament,74,1177,-0.033362598770851626
hard_section_tournament,75,1177,-0.033362598770851626
hard_section_tournament,76,1177,-0.033362598770851626
hard_section_tournament,77,1177,-0.033362598770851626
hard_section_tournament,78,1177,-0.033362598770851626
hard_section_tournament,79,1177,-0.033362598770851626
hard_section_tournament,80,1177,-0.033362598770851626
hard_section_tournament,81,1177,-0.033362598770851626
hard_section_tournament,82,1177,-0.033362598770851626
hard_section_tournament,83,1177,-0.033362598770851626
hard_section_tournament,84,1177,-0.033362598770851626
hard_section_tournament,85,1177,-0.033362598770851626
hard_section_tournament,86,1177,-0.033362598770851626
hard_section_tournament,87,1177,-0.033362598770851626
hard_section_tournament,88,1177,-0.033362598770851626
hard_section_tournament,89,1177,-0.033362598770851626
hard_section_tournament,90,1177,-0.033362598770851626
hard_section_tournament,91,1177,-0.033362598770851626
hard_section_tournament,92,1177,-0.033362598770851626
hard_section_tournament,93,1177,-0.033362598770851626
hard_section_tournament,94,1177,-0.033362598770851626
hard_section_tournament,95,1177,-0.033362598770851626
hard_section_tournament,96,1177,-0.033362598770851626
hard_section_tournament,97,1177,-0.033362598770851626
hard_section_tournament,98,1177,-0.033362598770851626
hard_section_tournament,99,1177,-0.033362598770851626
hard_nearest_roulette,0,1221,-0.07199297629499561
hard_nearest_roulette,1,1191,-0.0456540825285338
hard_nearest_roulette,2,1187,-0.04214223002633889
hard_nearest_roulette,3,1187,-0.04214223002633889
hard_nearest_roulette,4,1187,-0.04214223002633889
hard_nearest_roulette,5,1187,-0.04214223002633889
hard_nearest_roulette,6,1187,-0.04214223002633889
hard_nearest_roulette,7,1187,-0.04214223002633889
hard_nearest_roulette,8,1187,-0.04214223002633889
hard_nearest_roulette,9,1187,-0.04214223002633889
hard_nearest_roulette,10,1187,-0.04214223002633889
hard_nearest_roulette,11,1187,-0.04214223002633889
hard_nearest_roulette,12,1187,-0.04214223002633889
hard_nearest_roulette,13,1187,-0.04214223002633889
hard_nearest_roulette,14,1187,-0.04214223002633889
hard_nearest_roulette,15,1187,-0.04214223002633889
hard_nearest_roulette,16,1187,-0.04214223002633889
hard_nearest_roulette,17,1187,-0.04214223002633889
hard_nearest_roulette,18,1187,-0.04214223002633889
hard_nearest_roulette,19,1187,-0.04214223002633889
hard_nearest_roulette,20,1187,-0.04214223002633889
hard_nearest_roulette,21,1187,-0.04214223002633889
hard_nearest_roulette,22,1187,-0.04214223002633889
hard_nearest_roulette,23,1187,-0.04214223002633889
hard_nearest_roulette,24,1187,-0.04214223002633889
hard_nearest_roulette,25,1187,-0.04214223002633889
hard_nearest_roulette,26,1187,-0.04214223002633889
hard_nearest_roulette,27,1187,-0.04214223002633889
hard_nearest_roulette,28,1187,-0.04214223002633889
hard_nearest_roulette,29,1187,-0.04214223002633889
hard_nearest_roulette,30,1187,-0.04214223002633889
hard_nearest_roulette,31,1187,-0.04214223002633889
hard_nearest_roulette,32,1187,-0.04214223002633889
hard_nearest_roulette,33,1187,-0.04214223002633889
hard_nearest_roulette,34,1187,-0.04214223002633889
hard_nearest_roulette,35,1187,-0.04214223002633889
hard_nearest_roulette,36,1187,-0.04214223002633889
hard_nearest_roulette,37,1187,-0.04214223002633889
hard_nearest_roulette,38,1187,-0.04214223002633889
hard_nearest_roulette,39,1187,-0.04214223002633889
hard_nearest_roulette,40,1187,-0.04214223002633889
hard_nearest_roulette,41,1187,-0.04214223002633889
hard_nearest_roulette,42,1187,-0.04214223002633889
hard_nearest_roulette,43,1187,-0.04214223002633889
hard_nearest_roulette,44,1187,-0.04214223002633889
hard_nearest_roulette,45,1187,-0.04214223002633889
hard_nearest_roulette,46,1187,-0.04214223002633889
hard_nearest_roulette,47,1187,-0.04214223002633889
hard_nearest_roulette,48,1187,-0.04214223002633889
hard_nearest_roulette,49,1187,-0.04214223002633889
hard_nearest_roulette,50,1187,-0.04214223002633889
hard_nearest_roulette,51,1187,-0.04214223002633889
hard_nearest_roulette,52,1187,-0.04214223002633889
hard_nearest_roulette,53,1187,-0.04214223002633889
hard_nearest_roulette,54,1187,-0.04214223002633889
hard_nearest_roulette,55,1187,-0.04214223002633889
hard_nearest_roulette,56,1187,-0.04214223002633889
hard_nearest_roulette,57,1187,-0.04214223002633889
hard_nearest_roulette,58,1187,-0.04214223002633889
hard_nearest_roulette,59,1187,-0.04214223002633889
hard_nearest_roulette,60,1187,-0.04214223002633889
hard_nearest_roulette,61,1187,-0.04214223002633889
hard_nearest_roulette,62,1187,-0.04214223002633889
hard_nearest_roulette,63,1187,-0.04214223002633889
hard_nearest_roulette,64,1187,-0.04214223002633889
hard_nearest_roulette,65,1187,-0.04214223002633889
hard_nearest_roulette,66,1187,-0.04214223002633889
hard_nearest_roulette,67,1187,-0.04214223002633889
hard_nearest_roulette,68,1187,-0.04214223002633889
hard_nearest_roulette,69,1187,-0.04214223002633889
hard_nearest_roulette,70,1187,-0.04214223002633889
hard_nearest_roulette,71,1187,-0.04214223002633889
hard_nearest_roulette,72,1187,-0.04214223002633889
hard_nearest_roulette,73,1187,-0.04214223002633889
hard_nearest_roulette,74,1187,-0.04214223002633889
hard_nearest_roulette,75,1187,-0.04214223002633889
hard_nearest_roulette,76,1187,-0.04214223002633889
hard_nearest_roulette,77,1187,-0.04214223002633889
hard_nearest_roulette,78,1187,-0.04214223002633889
hard_nearest_roulette,79,1187,-0.04214223002633889
hard_nearest_roulette,80,1187,-0.04214223002633889
hard_nearest_roulette,81,1187,-0.04214223002633889
hard_nearest_roulette,82,1187,-0.04214223002633889
hard_nearest_roulette,83,1187,-0.04214223002633889
hard_nearest_roulette,84,1187,-0.04214223002633889
hard_nearest_roulette,85,1187,-0.04214223002633889
hard_nearest_roulette,86,1187,-0.04214223002633889
hard_nearest_roulette,87,1187,-0.04214223002633889
hard_nearest_roulette,88,1187,-0.04214223002633889
hard_nearest_roulette,89,1187,-0.04214223002633889
hard_nearest_roulette,90,1187,-0.04214223002633889
hard_nearest_roulette,91,1187,-0.04214223002633889
hard_nearest_roulette,92,1187,-0.04214223002633889
hard_nearest_roulette,93,1187,-0.04214223002633889
hard_nearest_roulette,94,1187,-0.04214223002633889
hard_nearest_roulette,95,1187,-0.04214223002633889
hard_nearest_roulette,96,1187,-0.04214223002633889
hard_nearest_roulette,97,1187,-0.04214223002633889
hard_nearest_roulette,98,1187,-0.04214223002633889
hard_nearest_roulette,99,1187,-0.04214223002633889
hard_nearest_tournament,0,1270,-0.11501316944688324
hard_nearest_tournament,1,1214,-0.06584723441615452
hard_nearest_tournament,2,1214,-0.06584723441615452
hard_nearest_tournament,3,1214,-0.06584723441615452
hard_nearest_tournament,4,1191,-0.0456540825285338
hard_nearest_tournament,5,1191,-0.0456540825285338
hard_nearest_tournament,6,1181,-0.03687445127304653
hard_nearest_tournament,7,1181,-0.03687445127304653
hard_nearest_tournament,8,1181,-0.03687445127304653
hard_nearest_tournament,9,1181,-0.03687445127304653
hard_nearest_tournament,10,1172,-0.02897278314310799
hard_nearest_tournament,11,1172,-0.02897278314310799
hard_nearest_tournament,12,1172,-0.02897278314310799
hard_nearest_tournament,13,1172,-0.02897278314310799
hard_nearest_tournament,14,1172,-0.02897278314310799
hard_nearest_tournament,15,1172,-0.02897278314310799
hard_nearest_tournament,16,1172,-0.02897278314310799
hard_nearest_tournament,17,1172,-0.02897278314310799
hard_nearest_tournament,18,1172,-0.02897278314310799
hard_nearest_tournament,19,1172,-0.02897278314310799
hard_nearest_tournament,20,1172,-0.02897278314310799
hard_nearest_tournament,21,1172,-0.02897278314310799
hard_nearest_tournament,22,1172,-0.02897278314310799
hard_nearest_tournament,23,1172,-0.02897278314310799
hard_nearest_tournament,24,1172,-0.02897278314310799
hard_nearest_tournament,25,1172,-0.02897278314310799
hard_nearest_tournament,26,1172,-0.02897278314310799
hard_nearest_tournament,27,1172,-0.02897278314310799
hard_nearest_tournament,28,1172,-0.02897278314310799
hard_nearest_tournament,29,1172,-0.02897278314310799
hard_nearest_tournament,30,1172,-0.02897278314310799
hard_nearest_tournament,31,1172,-0.02897278314310799
hard_nearest_tournament,32,1172,-0.02897278314310799
hard_nearest_tournament,33,1172,-0.02897278314310799
hard_nearest_tournament,34,1172,-0.02897278314310799
hard_nearest_tournament,35,1172,-0.02897278314310799
hard_nearest_tournament,36,1172,-0.02897278314310799
hard_nearest_tournament,37,1172,-0.02897278314310799
hard_nearest_tournament,38,1172,-0.02897278314310799
hard_nearest_tournament,39,1172,-0.02897278314310799
hard_nearest_tournament,40,1172,-0.02897278314310799
hard_nearest_tournament,41,1172,-0.02897278314310799
hard_nearest_tournament,42,1172,-0.02897278314310799
hard_nearest_tournament,43,1172,-0.02897278314310799
hard_nearest_tournament,44,1172,-0.02897278314310799
hard_nearest_tournament,45,1172,-0.02897278314310799
hard_nearest_tournament,46,1172,-0.02897278314310799
hard_nearest_tournament,47,1172,-0.02897278314310799
hard_nearest_tournament,48,1172,-0.02897278314310799
hard_nearest_tournament,49,1172,-0.02897278314310799
hard_nearest_tournament,50,1172,-0.02897278314310799
hard_nearest_tournament,51,1172,-0.02897278314310799
hard_nearest_tournament,52,1172,-0.02897278314310799
hard_nearest_tournament,53,1172,-0.02897278314310799
hard_nearest_tournament,54,1172,-0.02897278314310799
hard_nearest_tournament,55,1172,-0.02897278314310799
hard_nearest_tournament,56,1172,-0.02897278314310799
hard_nearest_tournament,57,1172,-0.02897278314310799
hard_nearest_tournament,58,1172,-0.02897278314310799
hard_nearest_tournament,59,1172,-0.02897278314310799
hard_nearest_tournament,60,1171,-0.028094820017559263
hard_nearest_tournament,61,1171,-0.028094820017559263
hard_nearest_tournament,62,1171,-0.028094820017559263
hard_nearest_tournament,63,1171,-0.028094820017559263
hard_nearest_tournament,64,1171,-0.028094820017559263
hard_nearest_tournament,65,1171,-0.028094820017559263
hard_nearest_tournament,66,1171,-0.028094820017559263
hard_nearest_tournament,67,1171,-0.028094820017559263
hard_nearest_tournament,68,1171,-0.028094820017559263
hard_nearest_tournament,69,1171,-0.028094820017559263
hard_nearest_tournament,70,1171,-0.028094820017559263
hard_nearest_tournament,71,1171,-0.028094820017559263
hard_nearest_tournament,72,1171,-0.028094820017559263
hard_nearest_tournament,73,1171,-0.028094820017559263
hard_nearest_tournament,74,1171,-0.028094820017559263
hard_nearest_tournament,75,1171,-0.028094820017559263
hard_nearest_tournament,76,1171,-0.028094820017559263
hard_nearest_tournament,77,1171,-0.028094820017559263
hard_nearest_tournament,78,1171,-0.028094820017559263
hard_nearest_tournament,79,1171,-0.028094820017559263
hard_nearest_tournament,80,1171,-0.028094820017559263
hard_nearest_tournament,81,1171,-0.028094820017559263
hard_nearest_tournament,82,1171,-0.028094820017559263
hard_nearest_tournament,83,1171,-0.028094820017559263
hard_nearest_tournament,84,1171,-0.028094820017559263
hard_nearest_tournament,85,1171,-0.028094820017559263
hard_nearest_tournament,86,1171,-0.028094820017559263
hard_nearest_tournament,87,1171,-0.028094820017559263
hard_nearest_tournament,88,1171,-0.028094820017559263
hard_nearest_tournament,89,1171,-0.028094820017559263
hard_nearest_tournament,90,1171,-0.028094820017559263
hard_nearest_tournament,91,1171,-0.028094820017559263
hard_nearest_tournament,92,1171,-0.028094820017559263
hard_nearest_tournament,93,1171,-0.028094820017559263
hard_nearest_tournament,94,1171,-0.028094820017559263
hard_nearest_tournament,95,1171,-0.028094820017559263
hard_nearest_tournament,96,1171,-0.028094820017559263
hard_nearest_tournament,97,1171,-0.028094820017559263
hard_nearest_tournament,98,1171,-0.028094820017559263
hard_nearest_tournament,99,1171,-0.028094820017559263
mid_simple_roulette,0,1204,-0.05706760316066725
mid_simple_roulette,1,1204,-0.05706760316066725
mid_simple_roulette,2,1204,-0.05706760316066725
mid_simple_roulette,3,1204,-0.05706760316066725
mid_simple_roulette,4,1204,-0.05706760316066725
mid_simple_roulette,5,1204,-0.05706760316066725
mid_simple_roulette,6,1204,-0.05706760316066725
mid_simple_roulette,7,1204,-0.05706760316066725
mid_simple_roulette,8,1204,-0.05706760316066725
mid_simple_roulette,9,1204,-0.05706760316066725
mid_simple_roulette,10,1204,-0.05706760316066725
mid_simple_roulette,11,1204,-0.05706760316066725
mid_simple_roulette,12,1204,-0.05706760316066725
mid_simple_roulette,13,1204,-0.05706760316066725
mid_simple_roulette,14,1204,-0.05706760316066725
mid_simple_roulette,15,1204,-0.05706760316066725
mid_simple_roulette,16,1204,-0.05706760316066725
mid_simple_roulette,17,1204,-0.05706760316066725
mid_simple_roulette,18,1204,-0.05706760316066725
mid_simple_roulette,19,1204,-0.05706760316066725
mid_simple_roulette,20,1204,-0.05706760316066725
mid_simple_roulette,21,1204,-0.05706760316066725
mid_simple_roulette,22,1204,-0.05706760316066725
mid_simple_roulette,23,1204,-0.05706760316066725
mid_simple_roulette,24,1204,-0.05706760316066725
mid_simple_roulette,25,1204,-0.05706760316066725
mid_simple_roulette,26,1204,-0.05706760316066725
mid_simple_roulette,27,1204,-0.05706760316066725
mid_simple_roulette,28,1204,-0.05706760316066725
mid_simple_roulette,29,1204,-0.05706760316066725
mid_simple_roulette,30,1204,-0.05706760316066725
mid_simple_roulette,31,1204,-0.05706760316066725
mid_simple_roulette,32,1204,-0.05706760316066725
mid_simple_roulette,33,1204,-0.05706760316066725
mid_simple_roulette,34,1204,-0.05706760316066725
mid_simple_roulette,35,1204,-0.05706760316066725
mid_simple_roulette,36,1204,-0.05706760316066725
mid_simple_roulette,37,1204,-0.05706760316066725
mid_simple_roulette,38,1204,-0.05706760316066725
mid_simple_roulette,39,1204,-0.05706760316066725
mid_simple_roulette,40,1204,-0.05706760316066725
mid_simple_roulette,41,1204,-0.05706760316066725
mid_simple_roulette,42,1204,-0.05706760316066725
mid_simple_roulette,43,1204,-0.05706760316066725
mid_simple_roulette,44,1204,-0.05706760316066725
mid_simple_roulette,45,1204,-0.05706760316066725
mid_simple_roulette,46,1204,-0.05706760316066725
mid_simple_roulette,47,1204,-0.05706760316066725
mid_simple_roulette,48,1204,-0.05706760316066725
mid_simple_roulette,49,1204,-0.05706760316066725
mid_simple_roulette,50,1204,-0.05706760316066725
mid_simple_roulette,51,1204,-0.05706760316066725
mid_simple_roulette,52,1204,-0.05706760316066725
mid_simple_roulette,53,1204,-0.05706760316066725
mid_simple_roulette,54,1204,-0.05706760316066725
mid_simple_roulette,55,1204,-0.05706760316066725
mid_simple_roulette,56,1204,-0.05706760316066725
mid_simple_roulette,57,1204,-0.05706760316066725
mid_simple_roulette,58,1204,-0.05706760316066725
mid_simple_roulette,59,1204,-0.05706760316066725
mid_simple_roulette,60,1204,-0.05706760316066725
mid_simple_roulette,61,1204,-0.05706760316066725
mid_simple_roulette,62,1204,-0.05706760316066725
mid_simple_roulette,63,1204,-0.05706760316066725
mid_simple_roulette,64,1204,-0.05706760316066725
mid_simple_roulette,65,1204,-0.05706760316066725
mid_simple_roulette,66,1204,-0.05706760316066725
mid_simple_roulette,67,1204,-0.05706760316066725
mid_simple_roulette,68,1204,-0.05706760316066725
mid_simple_roulette,69,1204,-0.05706760316066725
mid_simple_roulette,70,1204,-0.05706760316066725
mid_simple_roulette,71,1204,-0.05706760316066725
mid_simple_roulette,72,1204,-0.05706760316066725
mid_simple_roulette,73,1204,-0.05706760316066725
mid_simple_roulette,74,1204,-0.05706760316066725
mid_simple_roulette,75,1204,-0.05706760316066725
mid_simple_roulette,76,1204,-0.05706760316066725
mid_simple_roulette,77,1204,-0.05706760316066725
mid_simple_roulette,78,1204,-0.05706760316066725
mid_simple_roulette,79,1204,-0.05706760316066725
mid_simple_roulette,80,1204,-0.05706760316066725
mid_simple_roulette,81,1204,-0.05706760316066725
mid_simple_roulette,82,1204,-0.05706760316066725
mid_simple_roulette,83,1204,-0.05706760316066725
mid_simple_roulette,84,1204,-0.05706760316066725
mid_simple_roulette,85,1204,-0.05706760316066725
mid_simple_roulette,86,1204,-0.05706760316066725
mid_simple_roulette,87,1204,-0.05706760316066725
mid_simple_roulette,88,1204,-0.05706760316066725
mid_simple_roulette,89,1204,-0.05706760316066725
mid_simple_roulette,90,1204,-0.05706760316066725
mid_simple_roulette,91,1204,-0.05706760316066725
mid_simple_roulette,92,1204,-0.05706760316066725
mid_simple_roulette,93,1204,-0.05706760316066725
mid_simple_roulette,94,1204,-0.05706760316066725
mid_simple_roulette,95,1204,-0.05706760316066725
mid_simple_roulette,96,1204,-0.05706760316066725
mid_simple_roulette,97,1204,-0.05706760316066725
mid_simple_roulette,98,1204,-0.05706760316066725
mid_simple_roulette,99,1204,-0.05706760316066725
mid_simple_tournament,0,1239,-0.08779631255487269
mid_simple_tournament,1,1236,-0.08516242317822652
mid_simple_tournament,2,1184,-0.03950834064969271
mid_simple_tournament,3,1184,-0.03950834064969271
mid_simple_tournament,4,1182,-0.03775241439859526
mid_simple_tournament,5,1182,-0.03775241439859526
mid_simple_tournament,6,1182,-0.03775241439859526
mid_simple_tournament,7,1182,-0.03775241439859526
mid_simple_tournament,8,1182,-0.03775241439859526
mid_simple_tournament,9,1182,-0.03775241439859526
mid_simple_tournament,10,1182,-0.03775241439859526
mid_simple_tournament,11,1182,-0.03775241439859526
mid_simple_tournament,12,1182,-0.03775241439859526
mid_simple_tournament,13,1182,-0.03775241439859526
mid_simple_tournament,14,1179,-0.03511852502194908
mid_simple_tournament,15,1179,-0.03511852502194908
mid_simple_tournament,16,1179,-0.03511852502194908
mid_simple_tournament,17,1179,-0.03511852502194908
mid_simple_tournament,18,1179,-0.03511852502194908
mid_simple_tournament,19,1179,-0.03511852502194908
mid_simple_tournament,20,1179,-0.03511852502194908
mid_simple_tournament,21,1179,-0.03511852502194908
mid_simple_tournament,22,1179,-0.03511852502194908
mid_simple_tournament,23,1179,-0.03511852502194908
mid_simple_tournament,24,1179,-0.03511852502194908
mid_simple_tournament,25,1179,-0.03511852502194908
mid_simple_tournament,26,1171,-0.028094820017559263
mid_simple_tournament,27,1171,-0.028094820017559263
mid_simple_tournament,28,1171,-0.028094820017559263
mid_simple_tournament,29,1171,-0.028094820017559263
mid_simple_tournament,30,1171,-0.028094820017559263
mid_simple_tournament,31,1171,-0.028094820017559263
mid_simple_tournament,32,1171,-0.028094820017559263
mid_simple_tournament,33,1171,-0.028094820017559263
mid_simple_tournament,34,1171,-0.028094820017559263
mid_simple_tournament,35,1171,-0.028094820017559263
mid_simple_tournament,36,1171,-0.028094820017559263
mid_simple_tournament,37,1171,-0.028094820017559263
mid_simple_tournament,38,1171,-0.028094820017559263
mid_simple_tournament,39,1171,-0.028094820017559263
mid_simple_tournament,40,1171,-0.028094820017559263
mid_simple_tournament,41,1171,-0.028094820017559263
mid_simple_tournament,42,1171,-0.028094820017559263
mid_simple_tournament,43,1171,-0.028094820017559263
mid_simple_tournament,44,1171,-0.028094820017559263
mid_simple_tournament,45,1171,-0.028094820017559263
mid_simple_tournament,46,1171,-0.028094820017559263
mid_simple_tournament,47,1171,-0.028094820017559263
mid_simple_tournament,48,1171,-0.028094820017559263
mid_simple_tournament,49,1171,-0.028094820017559263
mid_simple_tournament,50,1171,-0.028094820017559263
mid_simple_tournament,51,1171,-0.028094820017559263
mid_simple_tournament,52,1171,-0.028094820017559263
mid_simple_tournament,53,1171,-0.028094820017559263
mid_simple_tournament,54,1171,-0.028094820017559263
mid_simple_tournament,55,1171,-0.028094820017559263
mid_simple_tournament,56,1171,-0.028094820017559263
mid_simple_tournament,57,1171,-0.028094820017559263
mid_simple_tournament,58,1171,-0.028094820017559263
mid_simple_tournament,59,1171,-0.028094820017559263
mid_simple_tournament,60,1171,-0.028094820017559263
mid_simple_tournament,61,1171,-0.028094820017559263
mid_simple_tournament,62,1171,-0.028094820017559263
mid_simple_tournament,63,1171,-0.028094820017559263
mid_simple_tournament,64,1171,-0.028094820017559263
mid_simple_tournament,65,1171,-0.028094820017559263
mid_simple_tournament,66,1171,-0.028094820017559263
mid_simple_tournament,67,1171,-0.028094820017559263
mid_simple_tournament,68,1171,-0.028094820017559263
mid_simple_tournament,69,1171,-0.028094820017559263
mid_simple_tournament,70,1171,-0.028094820017559263
mid_simple_tournament,71,1171,-0.028094820017559263
mid_simple_tournament,72,1171,-0.028094820017559263
mid_simple_tournament,73,1171,-0.028094820017559263
mid_simple_tournament,74,1171,-0.028094820017559263
mid_simple_tournament,75,1171,-0.028094820017559263
mid_simple_tournament,76,1171,-0.028094820017559263
mid_simple_tournament,77,1171,-0.028094820017559263
mid_simple_tournament,78,1171,-0.028094820017559263
mid_simple_tournament,79,1171,-0.028094820017559263
mid_simple_tournament,80,1171,-0.028094820017559263
mid_simple_tournament,81,1171,-0.028094820017559263
mid_simple_tournament,82,1171,-0.028094820017559263
mid_simple_tournament,83,1171,-0.028094820017559263
mid_simple_tournament,84,1171,-0.028094820017559263
mid_simple_tournament,85,1171,-0.028094820017559263
mid_simple_tournament,86,1171,-0.028094820017559263
mid_simple_tournament,87,1171,-0.028094820017559263
mid_simple_tournament,88,1171,-0.028094820017559263
mid_simple_tournament,89,1171,-0.028094820017559263
mid_simple_tournament,90,1171,-0.028094820017559263
mid_simple_tournament,91,1171,-0.028094820017559263
mid_simple_tournament,92,1171,-0.028094820017559263
mid_simple_tournament,93,1171,-0.028094820017559263
mid_simple_tournament,94,1171,-0.028094820017559263
mid_simple_tournament,95,1171,-0.028094820017559263
mid_simple_tournament,96,1171,-0.028094820017559263
mid_simple_tournament,97,1171,-0.028094820017559263
mid_simple_tournament,98,1171,-0.028094820017559263
mid_simple_tournament,99,1171,-0.028094820017559263
mid_section_roulette,0,1222,-0.07287093942054433
mid_section_roulette,1,1218,-0.06935908691834942
mid_section_roulette,2,1200,-0.053555750658472345
mid_section_roulette,3,1200,-0.053555750658472345
mid_section_roulette,4,1200,-0.053555750658472345
mid_section_roulette,5,1200,-0.053555750658472345
mid_section_roulette,6,1200,-0.053555750658472345
mid_section_roulette,7,1200,-0.053555750658472345
mid_section_roulette,8,1200,-0.053555750658472345
mid_section_roulette,9,1193,-0.04741000877963126
mid_section_roulette,10,1193,-0.04741000877963126
mid_section_roulette,11,1193,-0.04741000877963126
mid_section_roulette,12,1193,-0.04741000877963126
mid_section_roulette,13,1193,-0.04741000877963126
mid_section_roulette,14,1193,-0.04741000877963126
mid_section_roulette,15,1193,-0.04741000877963126
mid_section_roulette,16,1193,-0.04741000877963126
mid_section_roulette,17,1193,-0.04741000877963126
mid_section_roulette,18,1193,-0.04741000877963126
mid_section_roulette,19,1193,-0.04741000877963126
mid_section_roulette,20,1193,-0.04741000877963126
mid_section_roulette,21,1193,-0.04741000877963126
mid_section_roulette,22,1193,-0.04741000877963126
mid_section_roulette,23,1193,-0.04741000877963126
mid_section_roulette,24,1193,-0.04741000877963126
mid_section_roulette,25,1193,-0.04741000877963126
mid_section_roulette,26,1193,-0.04741000877963126
mid_section_roulette,27,1193,-0.04741000877963126
mid_section_roulette,28,1193,-0.04741000877963126
mid_section_roulette,29,1193,-0.04741000877963126
mid_section_roulette,30,1193,-0.04741000877963126
mid_section_roulette,31,1189,-0.043898156277436345
mid_section_roulette,32,1189,-0.043898156277436345
mid_section_roulette,33,1189,-0.043898156277436345
mid_section_roulette,34,1189,-0.043898156277436345
mid_section_roulette,35,1189,-0.043898156277436345
mid_section_roulette,36,1189,-0.043898156277436345
mid_section_roulette,37,1189,-0.043898156277436345
mid_section_roulette,38,1189,-0.043898156277436345
mid_section_roulette,39,1189,-0.043898156277436345
mid_section_roulette,40,1189,-0.043898156277436345
mid_section_roulette,41,1189,-0.043898156277436345
mid_section_roulette,42,1183,-0.038630377524143986
mid_section_roulette,43,1183,-0.038630377524143986
mid_section_roulette,44,1183,-0.038630377524143986
mid_section_roulette,45,1183,-0.038630377524143986
mid_section_roulette,46,1183,-0.038630377524143986
mid_section_roulette,47,1183,-0.038630377524143986
mid_section_roulette,48,1183,-0.038630377524143986
mid_section_roulette,49,1183,-0.038630377524143986
mid_section_roulette,50,1183,-0.038630377524143986
mid_section_roulette,51,1183,-0.038630377524143986
mid_section_roulette,52,1183,-0.038630377524143986
mid_section_roulette,53,1183,-0.038630377524143986
mid_section_roulette,54,1183,-0.038630377524143986
mid_section_roulette,55,1183,-0.038630377524143986
mid_section_roulette,56,1183,-0.038630377524143986
mid_section_roulette,57,1183,-0.038630377524143986
mid_section_roulette,58,1183,-0.038630377524143986
mid_section_roulette,59,1183,-0.038630377524143986
mid_section_roulette,60,1183,-0.038630377524143986
mid_section_roulette,61,1183,-0.038630377524143986
mid_section_roulette,62,1183,-0.038630377524143986
mid_section_roulette,63,1183,-0.038630377524143986
mid_section_roulette,64,1183,-0.038630377524143986
mid_section_roulette,65,1183,-0.038630377524143986
mid_section_roulette,66,1183,-0.038630377524143986
mid_section_roulette,67,1183,-0.038630377524143986
mid_section_roulette,68,1183,-0.038630377524143986
mid_section_roulette,69,1183,-0.038630377524143986
mid_section_roulette,70,1183,-0.038630377524143986
mid_section_roulette,71,1183,-0.038630377524143986
mid_section_roulette,72,1183,-0.038630377524143986
mid_section_roulette,73,1183,-0.038630377524143986
mid_section_roulette,74,1183,-0.038630377524143986
mid_section_roulette,75,1183,-0.038630377524143986
mid_section_roulette,76,1183,-0.038630377524143986
mid_section_roulette,77,1183,-0.038630377524143986
mid_section_roulette,78,1183,-0.038630377524143986
mid_section_roulette,79,1183,-0.038630377524143986
mid_section_roulette,80,1183,-0.038630377524143986
mid_section_roulette,81,1183,-0.038630377524143986
mid_section_roulette,82,1183,-0.038630377524143986
mid_section_roulette,83,1183,-0.038630377524143986
mid_section_roulette,84,1183,-0.038630377524143986
mid_section_roulette,85,1183,-0.038630377524143986
mid_section_roulette,86,1183,-0.038630377524143986
mid_section_roulette,87,1183,-0.038630377524143986
mid_section_roulette,88,1183,-0.038630377524143986
mid_section_roulette,89,1183,-0.038630377524143986
mid_section_roulette,90,1183,-0.038630377524143986
mid_section_roulette,91,1183,-0.038630377524143986
mid_section_roulette,92,1183,-0.038630377524143986
mid_section_roulette,93,1183,-0.038630377524143986
mid_section_roulette,94,1183,-0.038630377524143986
mid_section_roulette,95,1183,-0.038630377524143986
mid_section_roulette,96,1183,-0.038630377524143986
mid_section_roulette,97,1183,-0.038630377524143986
mid_section_roulette,98,1183,-0.038630377524143986
mid_section_roulette,99,1183,-0.038630377524143986
mid_section_tournament,0,1240,-0.08867427568042142
mid_section_tournament,1,1240,-0.08867427568042142
mid_section_tournament,2,1235,-0.08428446005267778
mid_section_tournament,3,1235,-0.08428446005267778
mid_section_tournament,4,1222,-0.07287093942054433
mid_section_tournament,5,1222,-0.07287093942054433
mid_section_tournament,6,1192,-0.046532045654082525
mid_section_tournament,7,1192,-0.046532045654082525
mid_section_tournament,8,1192,-0.046532045654082525
mid_section_tournament,9,1192,-0.046532045654082525
mid_section_tournament,10,1192,-0.046532045654082525
mid_section_tournament,11,1192,-0.046532045654082525
mid_section_tournament,12,1192,-0.046532045654082525
mid_section_tournament,13,1192,-0.046532045654082525
mid_section_tournament,14,1192,-0.046532045654082525
mid_section_tournament,15,1192,-0.046532045654082525
mid_section_tournament,16,1192,-0.046532045654082525
mid_section_tournament,17,1189,-0.043898156277436345
mid_section_tournament,18,1189,-0.043898156277436345
mid_section_tournament,19,1189,-0.043898156277436345
mid_section_tournament,20,1189,-0.043898156277436345
mid_section_tournament,21,1189,-0.043898156277436345
mid_section_tournament,22,1189,-0.043898156277436345
mid_section_tournament,23,1189,-0.043898156277436345
mid_section_tournament,24,1189,-0.043898156277436345
mid_section_tournament,25,1189,-0.043898156277436345
mid_section_tournament,26,1189,-0.043898156277436345
mid_section_tournament,27,1189,-0.043898156277436345
mid_section_tournament,28,1189,-0.043898156277436345
mid_section_tournament,29,1189,-0.043898156277436345
mid_section_tournament,30,1189,-0.043898156277436345
mid_section_tournament,31,1189,-0.043898156277436345
mid_section_tournament,32,1189,-0.043898156277436345
mid_section_tournament,33,1182,-0.03775241439859526
mid_section_tournament,34,1182,-0.03775241439859526
mid_section_tournament,35,1182,-0.03775241439859526
mid_section_tournament,36,1182,-0.03775241439859526
mid_section_tournament,37,1182,-0.03775241439859526
mid_section_tournament,38,1182,-0.03775241439859526
mid_section_tournament,39,1182,-0.03775241439859526
mid_section_tournament,40,1182,-0.03775241439859526
mid_section_tournament,41,1182,-0.03775241439859526
mid_section_tournament,42,1182,-0.03775241439859526
mid_section_tournament,43,1182,-0.03775241439859526
mid_section_tournament,44,1182,-0.03775241439859526
mid_section_tournament,45,1182,-0.03775241439859526
mid_section_tournament,46,1182,-0.03775241439859526
mid_section_tournament,47,1182,-0.03775241439859526
mid_section_tournament,48,1182,-0.03775241439859526
mid_section_tournament,49,1182,-0.03775241439859526
mid_section_tournament,50,1182,-0.03775241439859526
mid_section_tournament,51,1182,-0.03775241439859526
mid_section_tournament,52,1182,-0.03775241439859526
mid_section_tournament,53,1182,-0.03775241439859526
mid_section_tournament,54,1182,-0.03775241439859526
mid_section_tournament,55,1182,-0.03775241439859526
mid_section_tournament,56,1182,-0.03775241439859526
mid_section_tournament,57,1182,-0.03775241439859526
mid_section_tournament,58,1182,-0.03775241439859526
mid_section_tournament,59,1182,-0.03775241439859526
mid_section_tournament,60,1182,-0.03775241439859526
mid_section_tournament,61,1182,-0.03775241439859526
mid_section_tournament,62,1182,-0.03775241439859526
mid_section_tournament,63,1182,-0.03775241439859526
mid_section_tournament,64,1182,-0.03775241439859526
mid_section_tournament,65,1182,-0.03775241439859526
mid_section_tournament,66,1182,-0.03775241439859526
mid_section_tournament,67,1182,-0.03775241439859526
mid_section_tournament,68,1182,-0.03775241439859526
mid_section_tournament,69,1182,-0.03775241439859526
mid_section_tournament,70,1182,-0.03775241439859526
mid_section_tournament,71,1182,-0.03775241439859526
mid_section_tournament,72,1182,-0.03775241439859526
mid_section_tournament,73,1182,-0.03775241439859526
mid_section_tournament,74,1182,-0.03775241439859526
mid_section_tournament,75,1182,-0.03775241439859526
mid_section_tournament,76,1182,-0.03775241439859526
mid_section_tournament,77,1182,-0.03775241439859526
mid_section_tournament,78,1182,-0.03775241439859526
mid_section_tournament,79,1182,-0.03775241439859526
mid_section_tournament,80,1182,-0.03775241439859526
mid_section_tournament,81,1182,-0.03775241439859526
mid_section_tournament,82,1182,-0.03775241439859526
mid_section_tournament,83,1182,-0.03775241439859526
mid_section_tournament,84,1182,-0.03775241439859526
mid_section_tournament,85,1182,-0.03775241439859526
mid_section_tournament,86,1182,-0.03775241439859526
mid_section_tournament,87,1182,-0.03775241439859526
mid_section_tournament,88,1182,-0.03775241439859526
mid_section_tournament,89,1182,-0.03775241439859526
mid_section_tournament,90,1182,-0.03775241439859526
mid_section_tournament,91,1182,-0.03775241439859526
mid_section_tournament,92,1182,-0.03775241439859526
mid_section_tournament,93,1178,-0.03424056189640035
mid_section_tournament,94,1178,-0.03424056189640035
mid_section_tournament,95,1178,-0.03424056189640035
mid_section_tournament,96,1178,-0.03424056189640035
mid_section_tournament,97,1178,-0.03424056189640035
mid_section_tournament,98,1178,-0.03424056189640035
mid_section_tournament,99,1178,-0.03424056189640035
mid_nearest_roulette,0,1215,-0.06672519754170325
mid_nearest_roulette,1,1188,-0.04302019315188762
mid_nearest_roulette,2,1188,-0.04302019315188762
mid_nearest_roulette,3,1188,-0.04302019315188762
mid_nearest_roulette,4,1188,-0.04302019315188762
mid_nearest_roulette,5,1188,-0.04302019315188762
mid_nearest_roulette,6,1188,-0.04302019315188762
mid_nearest_roulette,7,1188,-0.04302019315188762
mid_nearest_roulette,8,1188,-0.04302019315188762
mid_nearest_roulette,9,1188,-0.04302019315188762
mid_nearest_roulette,10,1188,-0.04302019315188762
mid_nearest_roulette,11,1188,-0.04302019315188762
mid_nearest_roulette,12,1188,-0.04302019315188762
mid_nearest_roulette,13,1188,-0.04302019315188762
mid_nearest_roulette,14,1188,-0.04302019315188762
mid_nearest_roulette,15,1188,-0.04302019315188762
mid_nearest_roulette,16,1188,-0.04302019315188762
mid_nearest_roulette,17,1188,-0.04302019315188762
mid_nearest_roulette,18,1188,-0.04302019315188762
mid_nearest_roulette,19,1188,-0.04302019315188762
mid_nearest_roulette,20,1188,-0.04302019315188762
mid_nearest_roulette,21,1188,-0.04302019315188762
mid_nearest_roulette,22,1188,-0.04302019315188762
mid_nearest_roulette,23,1188,-0.04302019315188762
mid_nearest_roulette,24,1188,-0.04302019315188762
mid_nearest_roulette,25,1188,-0.04302019315188762
mid_nearest_roulette,26,1188,-0.04302019315188762
mid_nearest_roulette,27,1188,-0.04302019315188762
mid_nearest_roulette,28,1188,-0.04302019315188762
mid_nearest_roulette,29,1188,-0.04302019315188762
mid_nearest_roulette,30,1188,-0.04302019315188762
mid_nearest_roulette,31,1188,-0.04302019315188762
mid_nearest_roulette,32,1188,-0.04302019315188762
mid_nearest_roulette,33,1188,-0.04302019315188762
mid_nearest_roulette,34,1188,-0.04302019315188762
mid_nearest_roulette,35,1188,-0.04302019315188762
mid_nearest_roulette,36,1188,-0.04302019315188762
mid_nearest_roulette,37,1188,-0.04302019315188762
mid_nearest_roulette,38,1188,-0.04302019315188762
mid_nearest_roulette,39,1188,-0.04302019315188762
mid_nearest_roulette,40,1188,-0.04302019315188762
mid_nearest_roulette,41,1188,-0.04302019315188762
mid_nearest_roulette,42,1188,-0.04302019315188762
mid_nearest_roulette,43,1188,-0.04302019315188762
mid_nearest_roulette,44,1188,-0.04302019315188762
mid_nearest_roulette,45,1188,-0.04302019315188762
mid_nearest_roulette,46,1188,-0.04302019315188762
mid_nearest_roulette,47,1188,-0.04302019315188762
mid_nearest_roulette,48,1188,-0.04302019315188762
mid_nearest_roulette,49,1188,-0.04302019315188762
mid_nearest_roulette,50,1188,-0.04302019315188762
mid_nearest_roulette,51,1188,-0.04302019315188762
mid_nearest_roulette,52,1188,-0.04302019315188762
mid_nearest_roulette,53,1188,-0.04302019315188762
mid_nearest_roulette,54,1188,-0.04302019315188762
mid_nearest_roulette,55,1188,-0.04302019315188762
mid_nearest_roulette,56,1188,-0.04302019315188762
mid_nearest_roulette,57,1188,-0.04302019315188762
mid_nearest_roulette,58,1188,-0.04302019315188762
mid_nearest_roulette,59,1188,-0.04302019315188762
mid_nearest_roulette,60,1188,-0.04302019315188762
mid_nearest_roulette,61,1188,-0.04302019315188762
mid_nearest_roulette,62,1188,-0.04302019315188762
mid_nearest_roulette,63,1188,-0.04302019315188762
mid_nearest_roulette,64,1188,-0.04302019315188762
mid_nearest_roulette,65,1188,-0.04302019315188762
mid_nearest_roulette,66,1188,-0.04302019315188762
mid_nearest_roulette,67,1188,-0.04302019315188762
mid_nearest_roulette,68,1188,-0.04302019315188762
mid_nearest_roulette,69,1188,-0.04302019315188762
mid_nearest_roulette,70,1188,-0.04302019315188762
mid_nearest_roulette,71,1188,-0.04302019315188762
mid_nearest_roulette,72,1188,-0.04302019315188762
mid_nearest_roulette,73,1188,-0.04302019315188762
mid_nearest_roulette,74,1188,-0.04302019315188762
mid_nearest_roulette,75,1188,-0.04302019315188762
mid_nearest_roulette,76,1188,-0.04302019315188762
mid_nearest_roulette,77,1188,-0.04302019315188762
mid_nearest_roulette,78,1188,-0.04302019315188762
mid_nearest_roulette,79,1188,-0.04302019315188762
mid_nearest_roulette,80,1188,-0.04302019315188762
mid_nearest_roulette,81,1188,-0.04302019315188762
mid_nearest_roulette,82,1188,-0.04302019315188762
mid_nearest_roulette,83,1188,-0.04302019315188762
mid_nearest_roulette,84,1188,-0.04302019315188762
mid_nearest_roulette,85,1188,-0.04302019315188762
mid_nearest_roulette,86,1188,-0.04302019315188762
mid_nearest_roulette,87,1188,-0.04302019315188762
mid_nearest_roulette,88,1188,-0.04302019315188762
mid_nearest_roulette,89,1188,-0.04302019315188762
mid_nearest_roulette,90,1188,-0.04302019315188762
mid_nearest_roulette,91,1188,-0.04302019315188762
mid_nearest_roulette,92,1188,-0.04302019315188762
mid_nearest_roulette,93,1188,-0.04302019315188762
mid_nearest_roulette,94,1188,-0.04302019315188762
mid_nearest_roulette,95,1188,-0.04302019315188762
mid_nearest_roulette,96,1188,-0.04302019315188762
mid_nearest_roulette,97,1188,-0.04302019315188762
mid_nearest_roulette,98,1188,-0.04302019315188762
mid_nearest_roulette,99,1188,-0.04302019315188762
mid_nearest_tournament,0,1281,-0.12467076382791922
mid_nearest_tournament,1,1220,-0.07111501316944688
mid_nearest_tournament,2,1209,-0.061457418788410885
mid_nearest_tournament,3,1196,-0.05004389815627744
mid_nearest_tournament,4,1196,-0.05004389815627744
mid_nearest_tournament,5,1196,-0.05004389815627744
mid_nearest_tournament,6,1196,-0.05004389815627744
mid_nearest_tournament,7,1196,-0.05004389815627744
mid_nearest_tournament,8,1193,-0.04741000877963126
mid_nearest_tournament,9,1193,-0.04741000877963126
mid_nearest_tournament,10,1193,-0.04741000877963126
mid_nearest_tournament,11,1193,-0.04741000877963126
mid_nearest_tournament,12,1193,-0.04741000877963126
mid_nearest_tournament,13,1193,-0.04741000877963126
mid_nearest_tournament,14,1190,-0.04477611940298507
mid_nearest_tournament,15,1190,-0.04477611940298507
mid_nearest_tournament,16,1190,-0.04477611940298507
mid_nearest_tournament,17,1190,-0.04477611940298507
mid_nearest_tournament,18,1190,-0.04477611940298507
mid_nearest_tournament,19,1190,-0.04477611940298507
mid_nearest_tournament,20,1189,-0.043898156277436345
mid_nearest_tournament,21,1189,-0.043898156277436345
mid_nearest_tournament,22,1189,-0.043898156277436345
mid_nearest_tournament,23,1189,-0.043898156277436345
mid_nearest_tournament,24,1189,-0.043898156277436345
mid_nearest_tournament,25,1189,-0.043898156277436345
mid_nearest_tournament,26,1189,-0.043898156277436345
mid_nearest_tournament,27,1189,-0.043898156277436345
mid_nearest_tournament,28,1189,-0.043898156277436345
mid_nearest_tournament,29,1189,-0.043898156277436345
mid_nearest_tournament,30,1189,-0.043898156277436345
mid_nearest_tournament,31,1189,-0.043898156277436345
mid_nearest_tournament,32,1189,-0.043898156277436345
mid_nearest_tournament,33,1189,-0.043898156277436345
mid_nearest_tournament,34,1189,-0.043898156277436345
mid_nearest_tournament,35,1189,-0.043898156277436345
mid_nearest_tournament,36,1189,-0.043898156277436345
mid_nearest_tournament,37,1189,-0.043898156277436345
mid_nearest_tournament,38,1189,-0.043898156277436345
mid_nearest_tournament,39,1189,-0.043898156277436345
mid_nearest_tournament,40,1189,-0.043898156277436345
mid_nearest_tournament,41,1189,-0.043898156277436345
mid_nearest_tournament,42,1189,-0.043898156277436345
mid_nearest_tournament,43,1189,-0.043898156277436345
mid_nearest_tournament,44,1189,-0.043898156277436345
mid_nearest_tournament,45,1189,-0.043898156277436345
mid_nearest_tournament,46,1189,-0.043898156277436345
mid_nearest_tournament,47,1189,-0.043898156277436345
mid_nearest_tournament,48,1189,-0.043898156277436345
mid_nearest_tournament,49,1189,-0.043898156277436345
mid_nearest_tournament,50,1189,-0.043898156277436345
mid_nearest_tournament,51,1189,-0.043898156277436345
mid_nearest_tournament,52,1189,-0.043898156277436345
mid_nearest_tournament,53,1189,-0.043898156277436345
mid_nearest_tournament,54,1189,-0.043898156277436345
mid_nearest_tournament,55,1189,-0.043898156277436345
mid_nearest_tournament,56,1189,-0.043898156277436345
mid_nearest_tournament,57,1189,-0.043898156277436345
mid_nearest_tournament,58,1187,-0.04214223002633889
mid_nearest_tournament,59,1187,-0.04214223002633889
mid_nearest_tournament,60,1187,-0.04214223002633889
mid_nearest_tournament,61,1187,-0.04214223002633889
mid_nearest_tournament,62,1187,-0.04214223002633889
mid_nearest_tournament,63,1187,-0.04214223002633889
mid_nearest_tournament,64,1187,-0.04214223002633889
mid_nearest_tournament,65,1187,-0.04214223002633889
mid_nearest_tournament,66,1187,-0.04214223002633889
mid_nearest_tournament,67,1187,-0.04214223002633889
mid_nearest_tournament,68,1187,-0.04214223002633889
mid_nearest_tournament,69,1187,-0.04214223002633889
mid_nearest_tournament,70,1187,-0.04214223002633889
mid_nearest_tournament,71,1187,-0.04214223002633889
mid_nearest_tournament,72,1187,-0.04214223002633889
mid_nearest_tournament,73,1187,-0.04214223002633889
mid_nearest_tournament,74,1187,-0.04214223002633889
mid_nearest_tournament,75,1187,-0.04214223002633889
mid_nearest_tournament,76,1187,-0.04214223002633889
mid_nearest_tournament,77,1187,-0.04214223002633889
mid_nearest_tournament,78,1187,-0.04214223002633889
mid_nearest_tournament,79,1187,-0.04214223002633889
mid_nearest_tournament,80,1187,-0.04214223002633889
mid_nearest_tournament,81,1187,-0.04214223002633889
mid_nearest_tournament,82,1187,-0.04214223002633889
mid_nearest_tournament,83,1187,-0.04214223002633889
mid_nearest_tournament,84,1187,-0.04214223002633889
mid_nearest_tournament,85,1187,-0.04214223002633889
mid_nearest_tournament,86,1187,-0.04214223002633889
mid_nearest_tournament,87,1187,-0.04214223002633889
mid_nearest_tournament,88,1187,-0.04214223002633889
mid_nearest_tournament,89,1187,-0.04214223002633889
mid_nearest_tournament,90,1187,-0.04214223002633889
mid_nearest_tournament,91,1187,-0.04214223002633889
mid_nearest_tournament,92,1187,-0.04214223002633889
mid_nearest_tournament,93,1187,-0.04214223002633889
mid_nearest_tournament,94,1187,-0.04214223002633889
mid_nearest_tournament,95,1187,-0.04214223002633889
mid_nearest_tournament,96,1187,-0.04214223002633889
mid_nearest_tournament,97,1187,-0.04214223002633889
mid_nearest_tournament,98,1187,-0.04214223002633889
mid_nearest_tournament,99,1187,-0.04214223002633889
soft_simple_roulette,0,1189,-0.043898156277436345
soft_simple_roulette,1,1189,-0.043898156277436345
soft_simple_roulette,2,1189,-0.043898156277436345
soft_simple_roulette,3,1189,-0.043898156277436345
soft_simple_roulette,4,1189,-0.043898156277436345
soft_simple_roulette,5,1189,-0.043898156277436345
soft_simple_roulette,6,1189,-0.043898156277436345
soft_simple_roulette,7,1189,-0.043898156277436345
soft_simple_roulette,8,1189,-0.043898156277436345
soft_simple_roulette,9,1189,-0.043898156277436345
soft_simple_roulette,10,1189,-0.043898156277436345
soft_simple_roulette,11,1189,-0.043898156277436345
soft_simple_roulette,12,1189,-0.043898156277436345
soft_simple_roulette,13,1189,-0.043898156277436345
soft_simple_roulette,14,1189,-0.043898156277436345
soft_simple_roulette,15,1189,-0.043898156277436345
soft_simple_roulette,16,1189,-0.043898156277436345
soft_simple_roulette,17,1189,-0.043898156277436345
soft_simple_roulette,18,1189,-0.043898156277436345
soft_simple_roulette,19,1189,-0.043898156277436345
soft_simple_roulette,20,1189,-0.043898156277436345
soft_simple_roulette,21,1189,-0.043898156277436345
soft_simple_roulette,22,1189,-0.043898156277436345
soft_simple_roulette,23,1189,-0.043898156277436345
soft_simple_roulette,24,1189,-0.043898156277436345
soft_simple_roulette,25,1189,-0.043898156277436345
soft_simple_roulette,26,1189,-0.043898156277436345
soft_simple_roulette,27,1189,-0.043898156277436345
soft_simple_roulette,28,1189,-0.043898156277436345
soft_simple_roulette,29,1189,-0.043898156277436345
soft_simple_roulette,30,1189,-0.043898156277436345
soft_simple_roulette,31,1189,-0.043898156277436345
soft_simple_roulette,32,1189,-0.043898156277436345
soft_simple_roulette,33,1189,-0.043898156277436345
soft_simple_roulette,34,1189,-0.043898156277436345
soft_simple_roulette,35,1189,-0.043898156277436345
soft_simple_roulette,36,1189,-0.043898156277436345
soft_simple_roulette,37,1189,-0.043898156277436345
soft_simple_roulette,38,1189,-0.043898156277436345
soft_simple_roulette,39,1189,-0.043898156277436345
soft_simple_roulette,40,1189,-0.043898156277436345
soft_simple_roulette,41,1189,-0.043898156277436345
soft_simple_roulette,42,1189,-0.043898156277436345
soft_simple_roulette,43,1189,-0.043898156277436345
soft_simple_roulette,44,1189,-0.043898156277436345
soft_simple_roulette,45,1189,-0.043898156277436345
soft_simple_roulette,46,1189,-0.043898156277436345
soft_simple_roulette,47,1189,-0.043898156277436345
soft_simple_roulette,48,1189,-0.043898156277436345
soft_simple_roulette,49,1189,-0.043898156277436345
soft_simple_roulette,50,1189,-0.043898156277436345
soft_simple_roulette,51,1189,-0.043898156277436345
soft_simple_roulette,52,1189,-0.043898156277436345
soft_simple_roulette,53,1189,-0.043898156277436345
soft_simple_roulette,54,1189,-0.043898156277436345
soft_simple_roulette,55,1189,-0.043898156277436345
soft_simple_roulette,56,1189,-0.043898156277436345
soft_simple_roulette,57,1189,-0.043898156277436345
soft_simple_roulette,58,1189,-0.043898156277436345
soft_simple_roulette,59,1189,-0.043898156277436345
soft_simple_roulette,60,1189,-0.043898156277436345
soft_simple_roulette,61,1189,-0.043898156277436345
soft_simple_roulette,62,1189,-0.043898156277436345
soft_simple_roulette,63,1189,-0.043898156277436345
soft_simple_roulette,64,1189,-0.043898156277436345
soft_simple_roulette,65,1189,-0.043898156277436345
soft_simple_roulette,66,1189,-0.043898156277436345
soft_simple_roulette,67,1189,-0.043898156277436345
soft_simple_roulette,68,1189,-0.043898156277436345
soft_simple_roulette,69,1189,-0.043898156277436345
soft_simple_roulette,70,1189,-0.043898156277436345
soft_simple_roulette,71,1189,-0.043898156277436345
soft_simple_roulette,72,1189,-0.043898156277436345
soft_simple_roulette,73,1189,-0.043898156277436345
soft_simple_roulette,74,1189,-0.043898156277436345
soft_simple_roulette,75,1189,-0.043898156277436345
soft_simple_roulette,76,1189,-0.043898156277436345
soft_simple_roulette,77,1189,-0.043898156277436345
soft_simple_roulette,78,1189,-0.043898156277436345
soft_simple_roulette,79,1189,-0.043898156277436345
soft_simple_roulette,80,1189,-0.043898156277436345
soft_simple_roulette,81,1189,-0.043898156277436345
soft_simple_roulette,82,1189,-0.043898156277436345
soft_simple_roulette,83,1189,-0.043898156277436345
soft_simple_roulette,84,1189,-0.043898156277436345
soft_simple_roulette,85,1189,-0.043898156277436345
soft_simple_roulette,86,1189,-0.043898156277436345
soft_simple_roulette,87,1189,-0.043898156277436345
soft_simple_roulette,88,1189,-0.043898156277436345
soft_simple_roulette,89,1189,-0.043898156277436345
soft_simple_roulette,90,1189,-0.043898156277436345
soft_simple_roulette,91,1189,-0.043898156277436345
soft_simple_roulette,92,1189,-0.043898156277436345
soft_simple_roulette,93,1189,-0.043898156277436345
soft_simple_roulette,94,1189,-0.043898156277436345
soft_simple_roulette,95,1189,-0.043898156277436345
soft_simple_roulette,96,1189,-0.043898156277436345
soft_simple_roulette,97,1189,-0.043898156277436345
soft_simple_roulette,98,1189,-0.043898156277436345
soft_simple_roulette,99,1189,-0.043898156277436345
soft_simple_tournament,0,1253,-0.10008779631255488
soft_simple_tournament,1,1214,-0.06584723441615452
soft_simple_tournament,2,1214,-0.06584723441615452
soft_simple_tournament,3,1198,-0.05179982440737489
soft_simple_tournament,4,1198,-0.05179982440737489
soft_simple_tournament,5,1187,-0.04214223002633889
soft_simple_tournament,6,1187,-0.04214223002633889
soft_simple_tournament,7,1187,-0.04214223002633889
soft_simple_tournament,8,1187,-0.04214223002633889
soft_simple_tournament,9,1187,-0.04214223002633889
soft_simple_tournament,10,1187,-0.04214223002633889
soft_simple_tournament,11,1187,-0.04214223002633889
soft_simple_tournament,12,1187,-0.04214223002633889
soft_simple_tournament,13,1187,-0.04214223002633889
soft_simple_tournament,14,1187,-0.04214223002633889
soft_simple_tournament,15,1187,-0.04214223002633889
soft_simple_tournament,16,1187,-0.04214223002633889
soft_simple_tournament,17,1187,-0.04214223002633889
soft_simple_tournament,18,1187,-0.04214223002633889
soft_simple_tournament,19,1187,-0.04214223002633889
soft_simple_tournament,20,1187,-0.04214223002633889
soft_simple_tournament,21,1187,-0.04214223002633889
soft_simple_tournament,22,1187,-0.04214223002633889
soft_simple_tournament,23,1187,-0.04214223002633889
soft_simple_tournament,24,1187,-0.04214223002633889
soft_simple_tournament,25,1187,-0.04214223002633889
soft_simple_tournament,26,1187,-0.04214223002633889
soft_simple_tournament,27,1187,-0.04214223002633889
soft_simple_tournament,28,1187,-0.04214223002633889
soft_simple_tournament,29,1187,-0.04214223002633889
soft_simple_tournament,30,1187,-0.04214223002633889
soft_simple_tournament,31,1187,-0.04214223002633889
soft_simple_tournament,32,1187,-0.04214223002633889
soft_simple_tournament,33,1187,-0.04214223002633889
soft_simple_tournament,34,1187,-0.04214223002633889
soft_simple_tournament,35,1187,-0.04214223002633889
soft_simple_tournament,36,1187,-0.04214223002633889
soft_simple_tournament,37,1187,-0.04214223002633889
soft_simple_tournament,38,1187,-0.04214223002633889
soft_simple_tournament,39,1187,-0.04214223002633889
soft_simple_tournament,40,1187,-0.04214223002633889
soft_simple_tournament,41,1187,-0.04214223002633889
soft_simple_tournament,42,1187,-0.04214223002633889
soft_simple_tournament,43,1187,-0.04214223002633889
soft_simple_tournament,44,1187,-0.04214223002633889
soft_simple_tournament,45,1187,-0.04214223002633889
soft_simple_tournament,46,1187,-0.04214223002633889
soft_simple_tournament,47,1187,-0.04214223002633889
soft_simple_tournament,48,1187,-0.04214223002633889
soft_simple_tournament,49,1187,-0.04214223002633889
soft_simple_tournament,50,1187,-0.04214223002633889
soft_simple_tournament,51,1187,-0.04214223002633889
soft_simple_tournament,52,1187,-0.04214223002633889
soft_simple_tournament,53,1187,-0.04214223002633889
soft_simple_tournament,54,1187,-0.04214223002633889
soft_simple_tournament,55,1187,-0.04214223002633889
soft_simple_tournament,56,1187,-0.04214223002633889
soft_simple_tournament,57,1187,-0.04214223002633889
soft_simple_tournament,58,1187,-0.04214223002633889
soft_simple_tournament,59,1187,-0.04214223002633889
soft_simple_tournament,60,1187,-0.04214223002633889
soft_simple_tournament,61,1187,-0.04214223002633889
soft_simple_tournament,62,1187,-0.04214223002633889
soft_simple_tournament,63,1187,-0.04214223002633889
soft_simple_tournament,64,1187,-0.04214223002633889
soft_simple_tournament,65,1187,-0.04214223002633889
soft_simple_tournament,66,1187,-0.04214223002633889
soft_simple_tournament,67,1187,-0.04214223002633889
soft_simple_tournament,68,1187,-0.04214223002633889
soft_simple_tournament,69,1187,-0.04214223002633889
soft_simple_tournament,70,1187,-0.04214223002633889
soft_simple_tournament,71,1187,-0.04214223002633889
soft_simple_tournament,72,1187,-0.04214223002633889
soft_simple_tournament,73,1187,-0.04214223002633889
soft_simple_tournament,74,1187,-0.04214223002633889
soft_simple_tournament,75,1187,-0.04214223002633889
soft_simple_tournament,76,1187,-0.04214223002633889
soft_simple_tournament,77,1187,-0.04214223002633889
soft_simple_tournament,78,1187,-0.04214223002633889
soft_simple_tournament,79,1187,-0.04214223002633889
soft_simple_tournament,80,1187,-0.04214223002633889
soft_simple_tournament,81,1187,-0.04214223002633889
soft_simple_tournament,82,1187,-0.04214223002633889
soft_simple_tournament,83,1187,-0.04214223002633889
soft_simple_tournament,84,1187,-0.04214223002633889
soft_simple_tournament,85,1187,-0.04214223002633889
soft_simple_tournament,86,1187,-0.04214223002633889
soft_simple_tournament,87,1187,-0.04214223002633889
soft_simple_tournament,88,1187,-0.04214223002633889
soft_simple_tournament,89,1187,-0.04214223002633889
soft_simple_tournament,90,1187,-0.04214223002633889
soft_simple_tournament,91,1187,-0.04214223002633889
soft_simple_tournament,92,1187,-0.04214223002633889
soft_simple_tournament,93,1187,-0.04214223002633889
soft_simple_tournament,94,1187,-0.04214223002633889
soft_simple_tournament,95,1187,-0.04214223002633889
soft_simple_tournament,96,1187,-0.04214223002633889
soft_simple_tournament,97,1187,-0.04214223002633889
soft_simple_tournament,98,1187,-0.04214223002633889
soft_simple_tournament,99,1187,-0.04214223002633889
soft_section_roulette,0,1217,-0.0684811237928007
soft_section_roulette,1,1201,-0.05443371378402107
soft_section_roulette,2,1201,-0.05443371378402107
soft_section_roulette,3,1201,-0.05443371378402107
soft_section_roulette,4,1201,-0.05443371378402107
soft_section_roulette,5,1201,-0.05443371378402107
soft_section_roulette,6,1199,-0.05267778753292362
soft_section_roulette,7,1199,-0.05267778753292362
soft_section_roulette,8,1199,-0.05267778753292362
soft_section_roulette,9,1199,-0.05267778753292362
soft_section_roulette,10,1199,-0.05267778753292362
soft_section_roulette,11,1199,-0.05267778753292362
soft_section_roulette,12,1199,-0.05267778753292362
soft_section_roulette,13,1199,-0.05267778753292362
soft_section_roulette,14,1180,-0.035996488147497806
soft_section_roulette,15,1180,-0.035996488147497806
soft_section_roulette,16,1180,-0.035996488147497806
soft_section_roulette,17,1180,-0.035996488147497806
soft_section_roulette,18,1180,-0.035996488147497806
soft_section_roulette,19,1180,-0.035996488147497806
soft_section_roulette,20,1180,-0.035996488147497806
soft_section_roulette,21,1180,-0.035996488147497806
soft_section_roulette,22,1180,-0.035996488147497806
soft_section_roulette,23,1180,-0.035996488147497806
soft_section_roulette,24,1180,-0.035996488147497806
soft_section_roulette,25,1180,-0.035996488147497806
soft_section_roulette,26,1180,-0.035996488147497806
soft_section_roulette,27,1180,-0.035996488147497806
soft_section_roulette,28,1180,-0.035996488147497806
soft_section_roulette,29,1178,-0.03424056189640035
soft_section_roulette,30,1178,-0.03424056189640035
soft_section_roulette,31,1178,-0.03424056189640035
soft_section_roulette,32,1178,-0.03424056189640035
soft_section_roulette,33,1178,-0.03424056189640035
soft_section_roulette,34,1178,-0.03424056189640035
soft_section_roulette,35,1178,-0.03424056189640035
soft_section_roulette,36,1178,-0.03424056189640035
soft_section_roulette,37,1178,-0.03424056189640035
soft_section_roulette,38,1178,-0.03424056189640035
soft_section_roulette,39,1178,-0.03424056189640035
soft_section_roulette,40,1178,-0.03424056189640035
soft_section_roulette,41,1178,-0.03424056189640035
soft_section_roulette,42,1178,-0.03424056189640035
soft_section_roulette,43,1178,-0.03424056189640035
soft_section_roulette,44,1178,-0.03424056189640035
soft_section_roulette,45,1178,-0.03424056189640035
soft_section_roulette,46,1178,-0.03424056189640035
soft_section_roulette,47,1178,-0.03424056189640035
soft_section_roulette,48,1178,-0.03424056189640035
soft_section_roulette,49,1178,-0.03424056189640035
soft_section_roulette,50,1178,-0.03424056189640035
soft_section_roulette,51,1178,-0.03424056189640035
soft_section_roulette,52,1178,-0.03424056189640035
soft_section_roulette,53,1178,-0.03424056189640035
soft_section_roulette,54,1178,-0.03424056189640035
soft_section_roulette,55,1178,-0.03424056189640035
soft_section_roulette,56,1178,-0.03424056189640035
soft_section_roulette,57,1178,-0.03424056189640035
soft_section_roulette,58,1178,-0.03424056189640035
soft_section_roulette,59,1178,-0.03424056189640035
soft_section_roulette,60,1178,-0.03424056189640035
soft_section_roulette,61,1178,-0.03424056189640035
soft_section_roulette,62,1178,-0.03424056189640035
soft_section_roulette,63,1178,-0.03424056189640035
soft_section_roulette,64,1178,-0.03424056189640035
soft_section_roulette,65,1178,-0.03424056189640035
soft_section_roulette,66,1178,-0.03424056189640035
soft_section_roulette,67,1178,-0.03424056189640035
soft_section_roulette,68,1178,-0.03424056189640035
soft_section_roulette,69,1178,-0.03424056189640035
soft_section_roulette,70,1178,-0.03424056189640035
soft_section_roulette,71,1178,-0.03424056189640035
soft_section_roulette,72,1178,-0.03424056189640035
soft_section_roulette,73,1178,-0.03424056189640035
soft_section_roulette,74,1178,-0.03424056189640035
soft_section_roulette,75,1178,-0.03424056189640035
soft_section_roulette,76,1178,-0.03424056189640035
soft_section_roulette,77,1178,-0.03424056189640035
soft_section_roulette,78,1178,-0.03424056189640035
soft_section_roulette,79,1178,-0.03424056189640035
soft_section_roulette,80,1178,-0.03424056189640035
soft_section_roulette,81,1178,-0.03424056189640035
soft_section_roulette,82,1178,-0.03424056189640035
soft_section_roulette,83,1178,-0.03424056189640035
soft_section_roulette,84,1178,-0.03424056189640035
soft_section_roulette,85,1178,-0.03424056189640035
soft_section_roulette,86,1178,-0.03424056189640035
soft_section_roulette,87,1178,-0.03424056189640035
soft_section_roulette,88,1178,-0.03424056189640035
soft_section_roulette,89,1178,-0.03424056189640035
soft_section_roulette,90,1178,-0.03424056189640035
soft_section_roulette,91,1178,-0.03424056189640035
soft_section_roulette,92,1178,-0.03424056189640035
soft_section_roulette,93,1178,-0.03424056189640035
soft_section_roulette,94,1178,-0.03424056189640035
soft_section_roulette,95,1178,-0.03424056189640035
soft_section_roulette,96,1178,-0.03424056189640035
soft_section_roulette,97,1178,-0.03424056189640035
soft_section_roulette,98,1178,-0.03424056189640035
soft_section_roulette,99,1178,-0.03424056189640035
soft_section_tournament,0,1246,-0.09394205443371378
soft_section_tournament,1,1239,-0.08779631255487269
soft_section_tournament,2,1237,-0.08604038630377524
soft_section_tournament,3,1237,-0.08604038630377524
soft_section_tournament,4,1237,-0.08604038630377524
soft_section_tournament,5,1202,-0.0553116769095698
soft_section_tournament,6,1202,-0.0553116769095698
soft_section_tournament,7,1202,-0.0553116769095698
soft_section_tournament,8,1202,-0.0553116769095698
soft_section_tournament,9,1199,-0.05267778753292362
soft_section_tournament,10,1197,-0.050921861281826165
soft_section_tournament,11,1196,-0.05004389815627744
soft_section_tournament,12,1196,-0.05004389815627744
soft_section_tournament,13,1196,-0.05004389815627744
soft_section_tournament,14,1194,-0.048287971905179985
soft_section_tournament,15,1194,-0.048287971905179985
soft_section_tournament,16,1194,-0.048287971905179985
soft_section_tournament,17,1194,-0.048287971905179985
soft_section_tournament,18,1178,-0.03424056189640035
soft_section_tournament,19,1178,-0.03424056189640035
soft_section_tournament,20,1178,-0.03424056189640035
soft_section_tournament,21,1178,-0.03424056189640035
soft_section_tournament,22,1178,-0.03424056189640035
soft_section_tournament,23,1178,-0.03424056189640035
soft_section_tournament,24,1178,-0.03424056189640035
soft_section_tournament,25,1178,-0.03424056189640035
soft_section_tournament,26,1178,-0.03424056189640035
soft_section_tournament,27,1178,-0.03424056189640035
soft_section_tournament,28,1178,-0.03424056189640035
soft_section_tournament,29,1178,-0.03424056189640035
soft_section_tournament,30,1178,-0.03424056189640035
soft_section_tournament,31,1178,-0.03424056189640035
soft_section_tournament,32,1178,-0.03424056189640035
soft_section_tournament,33,1178,-0.03424056189640035
soft_section_tournament,34,1178,-0.03424056189640035
soft_section_tournament,35,1178,-0.03424056189640035
soft_section_tournament,36,1178,-0.03424056189640035
soft_section_tournament,37,1178,-0.03424056189640035
soft_section_tournament,38,1178,-0.03424056189640035
soft_section_tournament,39,1178,-0.03424056189640035
soft_section_tournament,40,1178,-0.03424056189640035
soft_section_tournament,41,1178,-0.03424056189640035
soft_section_tournament,42,1178,-0.03424056189640035
soft_section_tournament,43,1178,-0.03424056189640035
soft_section_tournament,44,1178,-0.03424056189640035
soft_section_tournament,45,1178,-0.03424056189640035
soft_section_tournament,46,1178,-0.03424056189640035
soft_section_tournament,47,1178,-0.03424056189640035
soft_section_tournament,48,1178,-0.03424056189640035
soft_section_tournament,49,1178,-0.03424056189640035
soft_section_tournament,50,1178,-0.03424056189640035
soft_section_tournament,51,1178,-0.03424056189640035
soft_section_tournament,52,1178,-0.03424056189640035
soft_section_tournament,53,1178,-0.03424056189640035
soft_section_tournament,54,1178,-0.03424056189640035
soft_section_tournament,55,1178,-0.03424056189640035
soft_section_tournament,56,1178,-0.03424056189640035
soft_section_tournament,57,1178,-0.03424056189640035
soft_section_tournament,58,1178,-0.03424056189640035
soft_section_tournament,59,1178,-0.03424056189640035
soft_section_tournament,60,1170,-0.027216856892010536
soft_section_tournament,61,1170,-0.027216856892010536
soft_section_tournament,62,1170,-0.027216856892010536
soft_section_tournament,63,1170,-0.027216856892010536
soft_section_tournament,64,1170,-0.027216856892010536
soft_section_tournament,65,1170,-0.027216856892010536
soft_section_tournament,66,1170,-0.027216856892010536
soft_section_tournament,67,1170,-0.027216856892010536
soft_section_tournament,68,1170,-0.027216856892010536
soft_section_tournament,69,1170,-0.027216856892010536
soft_section_tournament,70,1170,-0.027216856892010536
soft_section_tournament,71,1170,-0.027216856892010536
soft_section_tournament,72,1170,-0.027216856892010536
soft_section_tournament,73,1170,-0.027216856892010536
soft_section_tournament,74,1170,-0.027216856892010536
soft_section_tournament,75,1170,-0.027216856892010536
soft_section_tournament,76,1170,-0.027216856892010536
soft_section_tournament,77,1170,-0.027216856892010536
soft_section_tournament,78,1170,-0.027216856892010536
soft_section_tournament,79,1170,-0.027216856892010536
soft_section_tournament,80,1170,-0.027216856892010536
soft_section_tournament,81,1170,-0.027216856892010536
soft_section_tournament,82,1170,-0.027216856892010536
soft_section_tournament,83,1170,-0.027216856892010536
soft_section_tournament,84,1170,-0.027216856892010536
soft_section_tournament,85,1170,-0.027216856892010536
soft_section_tournament,86,1170,-0.027216856892010536
soft_section_tournament,87,1170,-0.027216856892010536
soft_section_tournament,88,1170,-0.027216856892010536
soft_section_tournament,89,1170,-0.027216856892010536
soft_section_tournament,90,1170,-0.027216856892010536
soft_section_tournament,91,1170,-0.027216856892010536
soft_section_tournament,92,1170,-0.027216856892010536
soft_section_tournament,93,1170,-0.027216856892010536
soft_section_tournament,94,1170,-0.027216856892010536
soft_section_tournament,95,1170,-0.027216856892010536
soft_section_tournament,96,1170,-0.027216856892010536
soft_section_tournament,97,1170,-0.027216856892010536
soft_section_tournament,98,1170,-0.027216856892010536
soft_section_tournament,99,1170,-0.027216856892010536
soft_nearest_roulette,0,1188,-0.04302019315188762
soft_nearest_roulette,1,1188,-0.04302019315188762
soft_nearest_roulette,2,1188,-0.04302019315188762
soft_nearest_roulette,3,1188,-0.04302019315188762
soft_nearest_roulette,4,1188,-0.04302019315188762
soft_nearest_roulette,5,1188,-0.04302019315188762
soft_nearest_roulette,6,1188,-0.04302019315188762
soft_nearest_roulette,7,1188,-0.04302019315188762
soft_nearest_roulette,8,1188,-0.04302019315188762
soft_nearest_roulette,9,1188,-0.04302019315188762
soft_nearest_roulette,10,1188,-0.04302019315188762
soft_nearest_roulette,11,1188,-0.04302019315188762
soft_nearest_roulette,12,1188,-0.04302019315188762
soft_nearest_roulette,13,1188,-0.04302019315188762
soft_nearest_roulette,14,1188,-0.04302019315188762
soft_nearest_roulette,15,1188,-0.04302019315188762
soft_nearest_roulette,16,1188,-0.04302019315188762
soft_nearest_roulette,17,1188,-0.04302019315188762
soft_nearest_roulette,18,1188,-0.04302019315188762
soft_nearest_roulette,19,1188,-0.04302019315188762
soft_nearest_roulette,20,1188,-0.04302019315188762
soft_nearest_roulette,21,1188,-0.04302019315188762
soft_nearest_roulette,22,1188,-0.04302019315188762
soft_nearest_roulette,23,1188,-0.04302019315188762
soft_nearest_roulette,24,1188,-0.04302019315188762
soft_nearest_roulette,25,1188,-0.04302019315188762
soft_nearest_roulette,26,1188,-0.04302019315188762
soft_nearest_roulette,27,1188,-0.04302019315188762
soft_nearest_roulette,28,1188,-0.04302019315188762
soft_nearest_roulette,29,1188,-0.04302019315188762
soft_nearest_roulette,30,1188,-0.04302019315188762
soft_nearest_roulette,31,1188,-0.04302019315188762
soft_nearest_roulette,32,1188,-0.04302019315188762
soft_nearest_roulette,33,1188,-0.04302019315188762
soft_nearest_roulette,34,1188,-0.04302019315188762
soft_nearest_roulette,35,1188,-0.04302019315188762
soft_nearest_roulette,36,1188,-0.04302019315188762
soft_nearest_roulette,37,1188,-0.04302019315188762
soft_nearest_roulette,38,1188,-0.04302019315188762
soft_nearest_roulette,39,1188,-0.04302019315188762
soft_nearest_roulette,40,1188,-0.04302019315188762
soft_nearest_roulette,41,1188,-0.04302019315188762
soft_nearest_roulette,42,1188,-0.04302019315188762
soft_nearest_roulette,43,1188,-0.04302019315188762
soft_nearest_roulette,44,1188,-0.04302019315188762
soft_nearest_roulette,45,1188,-0.04302019315188762
soft_nearest_roulette,46,1188,-0.04302019315188762
soft_nearest_roulette,47,1188,-0.04302019315188762
soft_nearest_roulette,48,1188,-0.04302019315188762
soft_nearest_roulette,49,1188,-0.04302019315188762
soft_nearest_roulette,50,1188,-0.04302019315188762
soft_nearest_roulette,51,1188,-0.04302019315188762
soft_nearest_roulette,52,1188,-0.04302019315188762
soft_nearest_roulette,53,1188,-0.04302019315188762
soft_nearest_roulette,54,1188,-0.04302019315188762
soft_nearest_roulette,55,1188,-0.04302019315188762
soft_nearest_roulette,56,1188,-0.04302019315188762
soft_nearest_roulette,57,1188,-0.04302019315188762
soft_nearest_roulette,58,1188,-0.04302019315188762
soft_nearest_roulette,59,1188,-0.04302019315188762
soft_nearest_roulette,60,1188,-0.04302019315188762
soft_nearest_roulette,61,1188,-0.04302019315188762
soft_nearest_roulette,62,1188,-0.04302019315188762
soft_nearest_roulette,63,1188,-0.04302019315188762
soft_nearest_roulette,64,1188,-0.04302019315188762
soft_nearest_roulette,65,1188,-0.04302019315188762
soft_nearest_roulette,66,1188,-0.04302019315188762
soft_nearest_roulette,67,1188,-0.04302019315188762
soft_nearest_roulette,68,1188,-0.04302019315188762
soft_nearest_roulette,69,1188,-0.04302019315188762
soft_nearest_roulette,70,1188,-0.04302019315188762
soft_nearest_roulette,71,1188,-0.04302019315188762
soft_nearest_roulette,72,1188,-0.04302019315188762
soft_nearest_roulette,73,1188,-0.04302019315188762
soft_nearest_roulette,74,1188,-0.04302019315188762
soft_nearest_roulette,75,1188,-0.04302019315188762
soft_nearest_roulette,76,1188,-0.04302019315188762
soft_nearest_roulette,77,1188,-0.04302019315188762
soft_nearest_roulette,78,1188,-0.04302019315188762
soft_nearest_roulette,79,1188,-0.04302019315188762
soft_nearest_roulette,80,1188,-0.04302019315188762
soft_nearest_roulette,81,1188,-0.04302019315188762
soft_nearest_roulette,82,1188,-0.04302019315188762
soft_nearest_roulette,83,1188,-0.04302019315188762
soft_nearest_roulette,84,1188,-0.04302019315188762
soft_nearest_roulette,85,1188,-0.04302019315188762
soft_nearest_roulette,86,1188,-0.04302019315188762
soft_nearest_roulette,87,1188,-0.04302019315188762
soft_nearest_roulette,88,1188,-0.04302019315188762
soft_nearest_roulette,89,1188,-0.04302019315188762
soft_nearest_roulette,90,1188,-0.04302019315188762
soft_nearest_roulette,91,1188,-0.04302019315188762
soft_nearest_roulette,92,1188,-0.04302019315188762
soft_nearest_roulette,93,1188,-0.04302019315188762
soft_nearest_roulette,94,1188,-0.04302019315188762
soft_nearest_roulette,95,1188,-0.04302019315188762
soft_nearest_roulette,96,1188,-0.04302019315188762
soft_nearest_roulette,97,1188,-0.04302019315188762
soft_nearest_roulette,98,1188,-0.04302019315188762
soft_nearest_roulette,99,1188,-0.04302019315188762
soft_nearest_tournament,0,1304,-0.14486391571553994
soft_nearest_tournament,1,1199,-0.05267778753292362
soft_nearest_tournament,2,1199,-0.05267778753292362
soft_nearest_tournament,3,1199,-0.05267778753292362
soft_nearest_tournament,4,1199,-0.05267778753292362
soft_nearest_tournament,5,1199,-0.05267778753292362
soft_nearest_tournament,6,1199,-0.05267778753292362
soft_nearest_tournament,7,1194,-0.048287971905179985
soft_nearest_tournament,8,1194,-0.048287971905179985
soft_nearest_tournament,9,1194,-0.048287971905179985
soft_nearest_tournament,10,1194,-0.048287971905179985
soft_nearest_tournament,11,1194,-0.048287971905179985
soft_nearest_tournament,12,1194,-0.048287971905179985
soft_nearest_tournament,13,1194,-0.048287971905179985
soft_nearest_tournament,14,1194,-0.048287971905179985
soft_nearest_tournament,15,1194,-0.048287971905179985
soft_nearest_tournament,16,1194,-0.048287971905179985
soft_nearest_tournament,17,1194,-0.048287971905179985
soft_nearest_tournament,18,1194,-0.048287971905179985
soft_nearest_tournament,19,1194,-0.048287971905179985
soft_nearest_tournament,20,1194,-0.048287971905179985
soft_nearest_tournament,21,1194,-0.048287971905179985
soft_nearest_tournament,22,1194,-0.048287971905179985
soft_nearest_tournament,23,1194,-0.048287971905179985
soft_nearest_tournament,24,1194,-0.048287971905179985
soft_nearest_tournament,25,1194,-0.048287971905179985
soft_nearest_tournament,26,1194,-0.048287971905179985
soft_nearest_tournament,27,1194,-0.048287971905179985
soft_nearest_tournament,28,1194,-0.048287971905179985
soft_nearest_tournament,29,1194,-0.048287971905179985
soft_nearest_tournament,30,1194,-0.048287971905179985
soft_nearest_tournament,31,1194,-0.048287971905179985
soft_nearest_tournament,32,1194,-0.048287971905179985
soft_nearest_tournament,33,1194,-0.048287971905179985
soft_nearest_tournament,34,1194,-0.048287971905179985
soft_nearest_tournament,35,1194,-0.048287971905179985
soft_nearest_tournament,36,1194,-0.048287971905179985
soft_nearest_tournament,37,1194,-0.048287971905179985
soft_nearest_tournament,38,1194,-0.048287971905179985
soft_nearest_tournament,39,1194,-0.048287971905179985
soft_nearest_tournament,40,1194,-0.048287971905179985
soft_nearest_tournament,41,1194,-0.048287971905179985
soft_nearest_tournament,42,1194,-0.048287971905179985
soft_nearest_tournament,43,1194,-0.048287971905179985
soft_nearest_tournament,44,1194,-0.048287971905179985
soft_nearest_tournament,45,1194,-0.048287971905179985
soft_nearest_tournament,46,1194,-0.048287971905179985
soft_nearest_tournament,47,1194,-0.048287971905179985
soft_nearest_tournament,48,1194,-0.048287971905179985
soft_nearest_tournament,49,1194,-0.048287971905179985
soft_nearest_tournament,50,1194,-0.048287971905179985
soft_nearest_tournament,51,1194,-0.048287971905179985
soft_nearest_tournament,52,1194,-0.048287971905179985
soft_nearest_tournament,53,1194,-0.048287971905179985
soft_nearest_tournament,54,1190,-0.04477611940298507
soft_nearest_tournament,55,1190,-0.04477611940298507
soft_nearest_tournament,56,1190,-0.04477611940298507
soft_nearest_tournament,57,1190,-0.04477611940298507
soft_nearest_tournament,58,1190,-0.04477611940298507
soft_nearest_tournament,59,1190,-0.04477611940298507
soft_nearest_tournament,60,1190,-0.04477611940298507
soft_nearest_tournament,61,1190,-0.04477611940298507
soft_nearest_tournament,62,1190,-0.04477611940298507
soft_nearest_tournament,63,1190,-0.04477611940298507
soft_nearest_tournament,64,1190,-0.04477611940298507
soft_nearest_tournament,65,1190,-0.04477611940298507
soft_nearest_tournament,66,1190,-0.04477611940298507
soft_nearest_tournament,67,1190,-0.04477611940298507
soft_nearest_tournament,68,1190,-0.04477611940298507
soft_nearest_tournament,69,1190,-0.04477611940298507
soft_nearest_tournament,70,1190,-0.04477611940298507
soft_nearest_tournament,71,1190,-0.04477611940298507
soft_nearest_tournament,72,1190,-0.04477611940298507
soft_nearest_tournament,73,1188,-0.04302019315188762
soft_nearest_tournament,74,1188,-0.04302019315188762
soft_nearest_tournament,75,1188,-0.04302019315188762
soft_nearest_tournament,76,1188,-0.04302019315188762
soft_nearest_tournament,77,1188,-0.04302019315188762
soft_nearest_tournament,78,1188,-0.04302019315188762
soft_nearest_tournament,79,1188,-0.04302019315188762
soft_nearest_tournament,80,1188,-0.04302019315188762
soft_nearest_tournament,81,1188,-0.04302019315188762
soft_nearest_tournament,82,1188,-0.04302019315188762
soft_nearest_tournament,83,1188,-0.04302019315188762
soft_nearest_tournament,84,1188,-0.04302019315188762
soft_nearest_tournament,85,1188,-0.04302019315188762
soft_nearest_tournament,86,1188,-0.04302019315188762
soft_nearest_tournament,87,1187,-0.04214223002633889
soft_nearest_tournament,88,1187,-0.04214223002633889
soft_nearest_tournament,89,1187,-0.04214223002633889
soft_nearest_tournament,90,1187,-0.04214223002633889
soft_nearest_tournament,91,1187,-0.04214223002633889
soft_nearest_tournament,92,1187,-0.04214223002633889
soft_nearest_tournament,93,1187,-0.04214223002633889
soft_nearest_tournament,94,1187,-0.04214223002633889
soft_nearest_tournament,95,1187,-0.04214223002633889
soft_nearest_tournament,96,1187,-0.04214223002633889
soft_nearest_tournament,97,1187,-0.04214223002633889
soft_nearest_tournament,98,1187,-0.04214223002633889
soft_nearest_tournament,99,1187,-0.04214223002633889
